User_ID,Age,Gender,Occupation,Relationship_Status,Primary_Platform,Daily_Usage_Hours,Platforms_Used_Count,Posts_Per_Week,Late_Night_Usage,First_Check_Morning,Notifications_Per_Day,FOMO_Score,Social_Comparison_Score,Validation_Seeking_Score,Scroll_Without_Purpose,Tried_To_Cut_Back,Failed_To_Cut_Back,Anxiety_Score,Depression_Score,Loneliness_Score,Self_Esteem_Score,Sleep_Quality_Score,Sleep_Hours,Productivity_Loss_Score,Offline_Relationship_Quality,Physical_Activity_Hrs_Week,Screen_Free_Time_Hrs,Mental_Wellbeing_Score,Addiction_Level
USR00001,30,MALE,WORKING PROFESSIONAL,IN A RELATIONSHIP,YOUTUBE,2.9,4,3,false,WITHIN 5 MIN,62,4.9,7.4,2.1,10.0,false,false,2.5,3.8,1.7,6.5,8.5,5.3,3.7,3.8,5.8,3.1,7.3,LOW
USR00002,19,MALE,STUDENT,MARRIED,INSTAGRAM,4.8,1,0,true,WITHIN 5 MIN,111,4.2,5.4,7.2,9.0,true,true,4.0,3.2,7.0,7.5,7.8,5.5,4.0,1.8,0.9,3.3,4.1,SEVERE
USR00003,40,MALE,STUDENT,IN A RELATIONSHIP,YOUTUBE,4.4,4,5,false,WITHIN 5 MIN,122,2.7,5.5,5.9,6.1,false,true,7.6,0.0,5.6,5.3,6.3,6.6,5.8,2.8,0.0,1.5,5.6,HIGH
USR00007,38,FEMALE,STUDENT,IN A RELATIONSHIP,FACEBOOK,5.0,4,4,true,WITHIN 5 MIN,24,4.0,4.8,6.0,2.6,false,true,5.3,3.8,7.2,0.5,4.8,8.2,6.8,5.4,3.2,3.7,5.5,HIGH
USR00008,22,FEMALE,UNEMPLOYED,SINGLE,TWITTER/X,3.4,5,2,false,WITHIN 5 MIN,64,6.5,7.5,4.0,4.0,true,false,3.4,6.1,3.1,2.9,3.8,10.0,6.8,6.7,2.9,6.6,6.2,MODERATE
USR00009,43,FEMALE,STUDENT,SINGLE,YOUTUBE,9.2,4,2,false,5-30 MIN,115,6.5,8.2,4.4,8.5,false,true,3.9,2.8,3.8,5.1,3.2,5.7,3.2,5.4,4.8,0.6,3.4,SEVERE
USR00010,40,MALE,STUDENT,SINGLE,INSTAGRAM,6.9,2,5,true,AFTER 30 MIN,62,0.9,6.9,3.8,7.8,false,false,3.7,2.5,3.9,8.1,7.4,5.8,6.4,7.2,4.6,0.0,7.7,LOW
USR00011,29,MALE,FREELANCER,SINGLE,INSTAGRAM,2.8,1,3,true,AFTER 30 MIN,119,5.3,4.5,6.3,2.2,true,false,6.8,4.5,8.1,0.2,8.1,6.0,6.6,7.0,1.0,2.6,7.0,LOW
USR00014,40,MALE,WORKING PROFESSIONAL,IN A RELATIONSHIP,INSTAGRAM,3.7,3,1,true,WITHIN 5 MIN,14,6.8,2.5,3.0,4.9,true,false,5.6,7.8,5.0,2.8,5.2,7.4,6.4,4.2,0.3,3.0,5.1,HIGH
USR00017,41,NON-BINARY,UNEMPLOYED,MARRIED,UNKNOWN,2.4,2,2,false,5-30 MIN,78,7.7,3.7,6.0,5.6,true,true,10.0,0.4,3.7,6.2,5.4,5.3,4.8,7.7,6.0,0.7,6.6,MODERATE
USR00018,23,FEMALE,FREELANCER,IN A RELATIONSHIP,YOUTUBE,5.1,2,4,true,WITHIN 5 MIN,36,5.5,6.7,5.4,6.8,false,false,7.9,9.7,4.6,2.6,3.4,7.7,3.2,5.5,5.3,7.1,6.0,HIGH
USR00020,21,FEMALE,STUDENT,SINGLE,FACEBOOK,4.3,4,5,false,5-30 MIN,99,6.7,1.9,6.1,8.4,false,true,5.1,1.2,6.5,4.3,6.4,6.7,5.0,4.3,1.5,2.6,5.6,HIGH
USR00021,19,FEMALE,WORKING PROFESSIONAL,SINGLE,FACEBOOK,3.7,3,4,true,AFTER 30 MIN,56,1.4,3.0,4.1,0.5,false,true,4.4,3.6,7.3,6.1,6.1,5.2,5.8,8.4,2.4,0.0,9.3,LOW
USR00022,31,FEMALE,STUDENT,IN A RELATIONSHIP,INSTAGRAM,2.9,3,3,false,AFTER 30 MIN,58,5.2,5.6,4.1,5.9,true,true,4.2,2.0,6.3,3.8,6.1,4.8,2.4,6.0,2.4,4.8,6.7,LOW
USR00023,22,MALE,STUDENT,SINGLE,INSTAGRAM,8.7,2,3,true,WITHIN 5 MIN,108,5.6,3.4,3.1,4.8,false,true,4.9,5.8,4.7,7.5,5.2,5.9,4.5,5.1,2.9,3.4,5.1,SEVERE
USR00024,27,FEMALE,UNEMPLOYED,SINGLE,SNAPCHAT,5.1,4,6,true,AFTER 30 MIN,71,4.0,4.7,6.8,6.0,true,false,4.3,3.5,4.9,6.3,8.9,9.1,3.9,9.5,0.8,4.3,7.5,LOW
USR00025,15,MALE,UNKNOWN,SINGLE,TIKTOK,6.0,2,4,false,AFTER 30 MIN,63,8.6,2.6,6.6,7.7,false,true,2.8,2.0,1.6,2.8,5.8,8.3,3.3,8.8,2.2,6.0,6.5,MODERATE
USR00026,26,MALE,STUDENT,IN A RELATIONSHIP,INSTAGRAM,10.4,4,8,true,5-30 MIN,85,5.4,7.1,3.0,3.6,true,false,4.7,6.2,3.2,7.5,3.7,5.1,7.9,6.0,5.8,5.0,5.8,HIGH
USR00027,38,FEMALE,FREELANCER,MARRIED,YOUTUBE,4.4,7,4,true,AFTER 30 MIN,45,3.8,9.3,3.2,8.6,false,true,0.0,0.8,1.4,5.0,4.9,6.0,10.0,4.7,3.6,3.1,6.9,HIGH
USR00028,41,MALE,WORKING PROFESSIONAL,IN A RELATIONSHIP,TIKTOK,3.0,2,3,false,WITHIN 5 MIN,5,5.7,6.6,0.0,3.1,false,false,5.2,3.1,4.9,8.9,6.3,7.6,1.4,7.1,2.9,3.7,8.5,LOW
USR00029,21,NON-BINARY,WORKING PROFESSIONAL,IN A RELATIONSHIP,INSTAGRAM,0.8,1,5,false,WITHIN 5 MIN,87,6.8,5.7,5.5,5.8,true,true,5.5,3.7,5.1,9.0,7.7,6.7,10.0,2.7,4.6,4.0,4.6,SEVERE
USR00030,34,FEMALE,STUDENT,SINGLE,TIKTOK,1.4,1,4,false,WITHIN 5 MIN,82,4.0,5.4,2.8,4.5,true,false,8.4,4.2,5.4,5.5,6.0,6.9,6.1,5.2,3.6,4.3,7.6,LOW
USR00031,43,MALE,WORKING PROFESSIONAL,SINGLE,TWITTER/X,4.4,7,4,false,WITHIN 5 MIN,68,5.8,5.1,4.7,7.0,true,true,6.2,2.7,1.9,4.4,6.0,8.2,8.9,5.8,5.2,5.3,5.8,HIGH
USR00032,27,MALE,WORKING PROFESSIONAL,IN A RELATIONSHIP,TIKTOK,1.5,5,6,false,WITHIN 5 MIN,5,3.0,8.7,6.5,6.7,true,true,5.8,3.8,4.0,6.0,4.6,7.5,5.4,5.7,2.7,0.4,5.6,HIGH
USR00033,20,MALE,STUDENT,IN A RELATIONSHIP,FACEBOOK,0.5,2,7,false,5-30 MIN,52,7.3,8.9,3.0,5.2,true,false,7.1,2.3,5.6,6.7,5.9,8.6,2.8,4.2,3.6,3.9,5.8,MODERATE
USR00034,39,FEMALE,STUDENT,SINGLE,INSTAGRAM,4.6,2,3,true,5-30 MIN,75,5.7,9.3,1.6,8.1,false,true,0.6,3.3,3.4,4.9,7.1,5.3,5.8,6.8,2.9,1.4,5.8,HIGH
USR00035,39,FEMALE,FREELANCER,MARRIED,TWITTER/X,4.3,2,2,true,WITHIN 5 MIN,53,5.7,2.4,1.3,8.6,true,false,4.2,5.6,3.1,4.5,3.0,5.3,7.1,8.4,3.9,3.4,7.7,LOW
USR00036,38,MALE,WORKING PROFESSIONAL,SINGLE,INSTAGRAM,8.2,4,8,false,5-30 MIN,64,5.4,2.9,6.4,3.4,true,true,6.8,3.7,4.2,7.6,8.1,4.8,7.3,7.8,2.5,4.3,6.2,HIGH
USR00037,36,FEMALE,WORKING PROFESSIONAL,IN A RELATIONSHIP,SNAPCHAT,1.3,7,2,true,WITHIN 5 MIN,95,4.6,10.0,5.9,4.4,true,true,9.6,5.8,6.4,5.6,7.2,6.7,3.9,4.8,1.7,6.2,3.5,SEVERE
USR00038,31,NON-BINARY,STUDENT,IN A RELATIONSHIP,INSTAGRAM,6.7,5,5,true,AFTER 30 MIN,5,5.9,6.5,1.5,4.5,true,true,4.0,3.5,4.6,3.6,3.8,7.9,8.2,5.4,0.8,2.6,5.4,SEVERE
USR00040,44,NON-BINARY,WORKING PROFESSIONAL,SINGLE,INSTAGRAM,7.3,4,5,false,WITHIN 5 MIN,73,5.2,6.3,8.1,9.3,false,false,8.4,5.4,4.6,10.0,6.6,4.2,4.0,2.8,4.2,3.1,4.3,SEVERE
USR00041,15,FEMALE,STUDENT,IN A RELATIONSHIP,FACEBOOK,5.1,4,7,false,AFTER 30 MIN,97,4.8,5.3,4.5,5.2,false,true,3.7,1.4,5.9,5.2,5.6,8.7,6.4,6.3,1.2,5.6,8.0,LOW
USR00043,39,FEMALE,WORKING PROFESSIONAL,MARRIED,TIKTOK,7.2,1,6,false,WITHIN 5 MIN,80,7.9,7.5,1.2,8.7,false,false,3.2,3.2,1.2,6.4,6.8,6.4,7.4,5.2,3.1,5.4,6.6,MODERATE
USR00044,24,MALE,UNEMPLOYED,SINGLE,INSTAGRAM,4.9,4,5,false,5-30 MIN,89,9.2,3.7,6.5,7.9,false,true,6.7,3.4,0.1,4.4,6.2,6.8,4.0,5.4,4.8,2.8,5.5,HIGH
USR00045,29,FEMALE,FREELANCER,SINGLE,TIKTOK,5.8,2,1,false,AFTER 30 MIN,124,7.5,2.3,5.8,5.3,false,false,4.3,6.3,6.6,5.2,6.8,7.2,6.9,7.2,1.1,4.4,6.1,MODERATE
USR00046,21,FEMALE,STUDENT,IN A RELATIONSHIP,FACEBOOK,4.6,1,2,true,5-30 MIN,114,1.2,8.9,7.8,8.0,true,false,4.5,4.2,5.9,10.0,1.0,4.5,5.3,5.1,3.8,1.8,6.9,MODERATE
USR00047,19,UNKNOWN,STUDENT,SINGLE,TWITTER/X,7.0,4,2,false,AFTER 30 MIN,27,6.5,6.3,4.5,5.1,true,false,5.2,3.9,4.3,3.7,10.0,5.0,5.0,4.4,4.8,3.7,8.2,LOW
USR00048,29,MALE,STUDENT,SINGLE,TIKTOK,4.4,4,4,true,AFTER 30 MIN,38,4.0,6.6,4.3,5.1,false,true,1.7,1.2,3.6,4.7,3.3,5.3,0.0,6.0,2.1,3.9,7.1,MODERATE
USR00049,24,MALE,STUDENT,SINGLE,INSTAGRAM,4.4,1,4,false,WITHIN 5 MIN,17,5.2,5.9,7.5,7.7,true,false,5.9,3.8,4.6,8.0,6.7,6.5,4.7,7.8,4.8,3.9,6.7,MODERATE
USR00051,18,MALE,STUDENT,MARRIED,TIKTOK,2.7,2,3,false,WITHIN 5 MIN,104,3.1,2.4,7.4,8.9,true,true,0.4,6.7,1.6,6.5,6.0,8.0,6.5,6.5,1.8,1.0,6.6,MODERATE
USR00052,18,FEMALE,STUDENT,IN A RELATIONSHIP,TIKTOK,6.2,4,1,false,WITHIN 5 MIN,18,6.3,4.0,4.0,8.1,false,false,5.3,0.0,5.8,3.1,7.7,6.7,4.4,3.9,2.4,2.8,6.6,MODERATE
USR00053,23,FEMALE,WORKING PROFESSIONAL,SINGLE,YOUTUBE,5.8,4,5,true,WITHIN 5 MIN,32,6.1,6.3,5.5,8.4,false,true,8.3,10.0,4.6,1.2,7.6,3.3,6.1,7.7,4.9,2.1,3.0,SEVERE
USR00054,34,FEMALE,UNEMPLOYED,SINGLE,YOUTUBE,5.1,5,2,true,AFTER 30 MIN,74,8.0,6.1,2.9,2.9,true,false,3.5,1.1,4.0,3.0,3.7,5.4,7.6,5.9,0.0,2.8,7.1,MODERATE
USR00056,16,MALE,STUDENT,MARRIED,TIKTOK,3.3,2,4,true,WITHIN 5 MIN,60,2.4,2.2,5.2,6.3,true,false,4.9,2.5,4.8,5.5,7.4,6.5,3.6,4.2,2.3,5.4,7.1,MODERATE
USR00057,15,FEMALE,STUDENT,SINGLE,TWITTER/X,5.3,4,6,true,WITHIN 5 MIN,8,8.4,6.8,4.6,2.2,false,true,3.1,3.1,3.5,5.9,4.6,5.8,9.1,7.2,3.7,0.7,5.4,HIGH
USR00058,31,FEMALE,STUDENT,MARRIED,INSTAGRAM,6.3,5,6,true,5-30 MIN,36,3.6,5.2,6.4,6.3,false,true,6.5,3.7,4.6,0.7,5.0,6.9,5.5,3.5,1.2,3.8,4.0,SEVERE
USR00059,37,MALE,WORKING PROFESSIONAL,IN A RELATIONSHIP,TIKTOK,6.2,3,4,true,5-30 MIN,58,7.3,4.4,3.2,6.5,true,false,5.0,2.9,6.2,8.3,3.9,6.2,5.6,4.2,2.7,1.9,5.8,HIGH
USR00060,44,MALE,UNEMPLOYED,SINGLE,INSTAGRAM,8.1,4,3,true,WITHIN 5 MIN,71,5.4,6.5,6.3,6.9,true,false,6.6,4.5,6.2,6.5,6.1,7.8,2.3,4.1,0.0,6.1,6.1,HIGH
USR00061,27,FEMALE,STUDENT,IN A RELATIONSHIP,FACEBOOK,8.3,3,1,true,WITHIN 5 MIN,48,6.4,1.7,5.8,8.3,true,true,3.0,4.5,5.2,4.2,6.3,5.4,1.8,6.6,4.8,4.7,6.0,HIGH
USR00062,43,NON-BINARY,WORKING PROFESSIONAL,SINGLE,TIKTOK,3.7,1,6,true,5-30 MIN,5,7.6,3.4,7.8,3.6,false,true,8.2,3.8,2.0,7.3,5.5,7.2,3.3,5.4,1.1,2.7,5.3,HIGH
USR00065,38,FEMALE,FREELANCER,MARRIED,FACEBOOK,5.2,3,5,true,WITHIN 5 MIN,121,10.0,7.6,5.8,6.1,true,true,5.7,2.0,4.2,5.6,4.7,7.2,9.5,7.4,4.4,2.3,3.7,SEVERE
USR00066,25,MALE,STUDENT,SINGLE,INSTAGRAM,5.3,6,3,true,WITHIN 5 MIN,70,5.6,8.9,7.3,3.3,false,false,0.3,6.3,8.3,7.1,5.6,6.3,8.7,3.3,0.9,2.0,4.9,SEVERE
USR00068,18,NON-BINARY,WORKING PROFESSIONAL,MARRIED,TWITTER/X,3.4,1,4,true,WITHIN 5 MIN,5,6.9,6.8,5.1,5.2,true,false,4.8,3.0,7.0,2.9,4.1,6.1,3.5,3.8,8.0,1.2,6.0,MODERATE
USR00069,15,MALE,STUDENT,SINGLE,INSTAGRAM,3.1,2,4,true,WITHIN 5 MIN,5,5.4,4.2,3.1,6.2,false,true,3.4,6.3,5.7,5.9,6.2,7.5,2.0,10.0,4.2,1.4,7.7,MODERATE
USR00070,44,FEMALE,STUDENT,SINGLE,TIKTOK,4.6,1,5,true,WITHIN 5 MIN,48,4.5,5.3,4.4,4.0,true,true,6.6,6.6,3.1,5.1,9.6,9.4,5.3,4.1,1.3,3.1,6.6,MODERATE
USR00071,22,MALE,WORKING PROFESSIONAL,MARRIED,YOUTUBE,3.7,4,4,true,5-30 MIN,126,9.2,6.5,5.0,4.6,false,true,6.0,2.0,3.5,4.5,5.5,5.9,3.5,8.0,4.4,3.8,5.1,SEVERE
USR00072,38,FEMALE,STUDENT,IN A RELATIONSHIP,YOUTUBE,0.5,5,6,true,AFTER 30 MIN,31,4.2,8.8,1.0,4.5,true,true,5.7,3.4,4.2,3.0,3.5,7.8,6.7,3.6,7.8,4.3,7.1,MODERATE
USR00075,15,MALE,FREELANCER,SINGLE,YOUTUBE,5.3,6,1,true,AFTER 30 MIN,83,3.7,6.6,5.1,6.2,true,true,6.1,4.9,5.0,5.6,6.3,5.2,6.4,5.5,3.1,6.8,6.3,HIGH
USR00076,36,MALE,WORKING PROFESSIONAL,IN A RELATIONSHIP,YOUTUBE,3.8,5,6,true,WITHIN 5 MIN,40,8.2,7.5,9.0,7.3,false,false,5.2,5.1,4.6,5.4,5.7,7.9,6.6,8.1,4.9,2.2,4.1,SEVERE
USR00077,19,FEMALE,STUDENT,SINGLE,YOUTUBE,3.2,2,2,false,5-30 MIN,86,5.5,5.5,6.3,3.8,true,true,4.9,3.7,3.1,5.8,5.9,5.1,5.5,5.5,3.7,2.8,6.1,MODERATE
USR00078,18,FEMALE,FREELANCER,SINGLE,TWITTER/X,6.2,2,4,true,AFTER 30 MIN,118,2.6,8.5,9.0,3.9,true,true,8.1,1.0,4.8,2.8,5.6,5.0,4.2,4.9,4.7,1.0,5.2,HIGH
USR00079,16,FEMALE,FREELANCER,SINGLE,TIKTOK,2.8,6,3,false,WITHIN 5 MIN,32,7.5,3.1,5.0,2.1,false,true,6.4,4.5,7.0,5.1,3.2,7.3,6.8,4.4,4.7,3.5,6.2,HIGH
USR00080,18,FEMALE,WORKING PROFESSIONAL,IN A RELATIONSHIP,YOUTUBE,2.4,3,3,true,AFTER 30 MIN,73,4.5,6.5,5.9,7.2,true,false,6.3,3.8,2.7,10.0,7.3,4.2,7.9,10.0,1.8,1.9,8.4,LOW
USR00081,42,FEMALE,UNEMPLOYED,IN A RELATIONSHIP,TIKTOK,5.2,6,2,true,WITHIN 5 MIN,19,7.0,5.1,6.6,8.2,false,false,4.1,8.7,3.1,8.3,4.7,6.1,5.1,8.5,2.9,3.1,6.1,HIGH
USR00082,42,MALE,STUDENT,SINGLE,TIKTOK,5.0,2,3,true,WITHIN 5 MIN,88,3.1,7.1,5.0,7.6,false,true,9.0,3.8,3.0,6.4,6.8,6.4,3.1,4.7,0.7,4.7,4.4,SEVERE
USR00083,16,NON-BINARY,WORKING PROFESSIONAL,SINGLE,INSTAGRAM,3.0,2,3,true,WITHIN 5 MIN,32,7.0,3.5,5.0,1.2,false,true,2.5,3.1,1.6,5.0,3.3,3.0,1.9,8.8,3.8,0.0,6.9,MODERATE
USR00085,42,MALE,UNEMPLOYED,SINGLE,FACEBOOK,2.9,4,3,false,WITHIN 5 MIN,15,6.4,4.5,5.8,6.2,false,true,2.9,1.5,6.1,5.2,3.2,6.4,9.0,8.2,0.0,4.0,5.6,HIGH
USR00087,34,MALE,WORKING PROFESSIONAL,MARRIED,FACEBOOK,5.5,3,2,false,5-30 MIN,33,2.8,5.2,6.0,2.5,true,true,3.8,5.7,2.4,5.8,8.4,6.4,3.0,9.4,1.5,3.3,10.0,LOW
USR00088,16,MALE,STUDENT,SINGLE,INSTAGRAM,6.3,2,6,true,5-30 MIN,72,6.4,5.6,4.4,7.5,true,true,7.4,7.4,3.4,4.7,3.4,8.4,5.6,6.3,3.0,2.9,4.4,SEVERE
USR00089,42,MALE,STUDENT,IN A RELATIONSHIP,SNAPCHAT,4.3,6,8,true,WITHIN 5 MIN,77,5.1,8.7,8.4,7.8,true,true,7.0,5.0,1.2,6.1,6.1,7.4,4.8,5.4,0.0,4.5,4.3,SEVERE
USR00090,40,FEMALE,WORKING PROFESSIONAL,SINGLE,TIKTOK,2.6,1,4,false,AFTER 30 MIN,5,3.8,4.8,10.0,2.3,true,false,7.7,5.1,4.6,7.0,8.0,6.3,6.7,5.0,2.1,3.0,8.8,LOW
USR00091,20,MALE,WORKING PROFESSIONAL,IN A RELATIONSHIP,TIKTOK,6.1,3,5,false,WITHIN 5 MIN,17,7.5,7.4,4.5,4.3,true,true,2.8,3.3,6.9,5.8,1.7,5.9,5.2,7.8,0.8,2.8,4.7,SEVERE
USR00092,24,FEMALE,STUDENT,SINGLE,FACEBOOK,10.2,6,2,true,WITHIN 5 MIN,31,6.3,6.7,5.0,4.4,false,false,4.8,6.4,1.8,6.2,5.5,6.2,6.2,5.8,2.5,0.5,5.0,HIGH
USR00094,32,FEMALE,UNEMPLOYED,SINGLE,INSTAGRAM,2.3,1,3,true,WITHIN 5 MIN,62,6.2,10.0,5.1,10.0,true,true,4.1,6.6,1.2,6.8,8.7,7.3,1.4,5.3,1.9,2.7,5.3,HIGH
USR00095,17,MALE,WORKING PROFESSIONAL,SINGLE,FACEBOOK,6.2,1,3,false,AFTER 30 MIN,9,9.0,4.8,4.8,0.0,false,true,5.9,5.8,7.1,7.9,3.9,5.8,2.1,2.7,2.0,2.5,8.0,LOW
USR00097,33,NON-BINARY,STUDENT,IN A RELATIONSHIP,TIKTOK,4.3,3,1,true,WITHIN 5 MIN,69,6.3,5.4,6.5,7.9,false,true,8.0,3.7,4.3,5.4,5.8,3.9,3.3,6.7,5.5,1.9,4.5,SEVERE
USR00098,33,MALE,WORKING PROFESSIONAL,SINGLE,FACEBOOK,3.9,1,4,true,5-30 MIN,47,0.5,2.5,5.1,7.8,false,true,7.3,3.8,6.0,4.6,4.1,9.3,5.4,7.0,3.9,5.2,7.0,MODERATE
USR00099,36,MALE,STUDENT,SINGLE,UNKNOWN,2.7,4,4,true,5-30 MIN,124,7.7,0.9,6.4,2.6,false,false,6.9,0.9,3.4,5.5,2.8,8.2,5.2,4.8,1.6,3.0,6.8,MODERATE
USR00100,38,FEMALE,UNKNOWN,MARRIED,TWITTER/X,1.2,3,6,true,AFTER 30 MIN,66,4.1,5.2,7.0,5.4,true,false,5.8,7.6,5.8,6.6,4.7,4.3,6.7,3.3,4.3,1.2,7.6,LOW
USR00101,18,FEMALE,STUDENT,IN A RELATIONSHIP,SNAPCHAT,5.5,3,3,false,5-30 MIN,63,3.8,4.9,4.2,7.1,true,true,5.5,7.8,3.6,9.0,5.6,6.0,2.7,8.5,5.1,0.0,7.4,MODERATE
USR00104,30,FEMALE,WORKING PROFESSIONAL,IN A RELATIONSHIP,INSTAGRAM,3.7,1,2,false,5-30 MIN,42,6.0,2.8,3.3,9.2,false,true,3.8,2.1,6.0,10.0,2.5,6.1,6.7,2.7,5.0,2.9,6.5,HIGH
USR00105,31,FEMALE,STUDENT,SINGLE,FACEBOOK,4.7,3,5,true,WITHIN 5 MIN,65,4.8,7.4,3.9,8.6,false,true,5.7,0.1,6.3,3.7,5.6,5.2,3.2,5.4,2.7,1.3,4.3,SEVERE
USR00106,27,MALE,WORKING PROFESSIONAL,SINGLE,FACEBOOK,3.6,1,7,false,WITHIN 5 MIN,35,7.7,6.1,6.6,3.6,false,true,5.1,4.3,8.8,4.4,3.8,7.1,4.2,6.1,3.8,3.7,5.9,HIGH
USR00109,24,MALE,FREELANCER,SINGLE,YOUTUBE,5.1,4,3,false,5-30 MIN,7,9.1,4.8,4.6,1.9,false,false,4.6,4.1,3.9,5.6,7.9,8.5,5.0,6.5,6.1,5.0,7.6,LOW
USR00111,27,FEMALE,WORKING PROFESSIONAL,MARRIED,TIKTOK,7.7,1,9,true,WITHIN 5 MIN,56,6.9,3.0,0.0,2.7,false,false,5.8,3.2,6.1,8.9,2.4,5.7,7.2,2.6,4.0,1.5,7.2,HIGH
USR00112,18,FEMALE,WORKING PROFESSIONAL,IN A RELATIONSHIP,TIKTOK,5.8,4,4,true,AFTER 30 MIN,53,3.4,3.9,7.2,6.4,false,false,0.5,5.3,3.9,3.8,6.4,5.9,1.7,5.6,2.6,5.1,7.7,LOW
USR00114,29,FEMALE,WORKING PROFESSIONAL,SINGLE,INSTAGRAM,5.8,3,6,true,WITHIN 5 MIN,54,1.4,8.3,5.1,5.4,false,true,2.3,6.0,4.4,3.5,4.9,7.7,6.9,1.3,2.4,5.6,4.4,SEVERE
USR00118,43,FEMALE,STUDENT,IN A RELATIONSHIP,INSTAGRAM,0.5,5,4,false,5-30 MIN,79,8.4,5.7,4.6,2.8,false,true,5.8,3.4,4.6,2.0,6.2,8.2,5.2,5.4,2.1,3.5,6.7,MODERATE
USR00120,42,NON-BINARY,WORKING PROFESSIONAL,SINGLE,INSTAGRAM,4.9,1,1,false,WITHIN 5 MIN,66,5.6,8.7,8.2,10.0,false,false,7.0,3.7,5.2,4.1,7.5,6.8,5.3,0.6,0.4,0.7,4.3,SEVERE
USR00121,18,FEMALE,WORKING PROFESSIONAL,SINGLE,INSTAGRAM,7.5,3,3,false,5-30 MIN,95,5.3,3.4,4.2,5.2,false,false,6.1,8.7,5.0,5.9,5.1,5.8,7.9,8.0,0.3,4.0,7.1,LOW
USR00122,31,MALE,STUDENT,SINGLE,TIKTOK,1.2,1,4,true,AFTER 30 MIN,33,4.3,2.0,5.1,5.0,true,false,5.6,3.2,1.1,3.8,4.6,4.9,6.3,8.5,2.3,1.7,8.1,LOW
USR00123,19,FEMALE,STUDENT,MARRIED,TWITTER/X,0.5,1,4,false,5-30 MIN,46,5.1,5.9,4.7,4.0,false,true,6.5,4.7,8.0,7.0,6.9,6.4,6.1,6.7,5.1,4.3,8.0,LOW
USR00124,26,MALE,STUDENT,MARRIED,INSTAGRAM,5.2,4,4,true,5-30 MIN,5,2.6,4.4,6.7,4.7,true,true,4.0,5.8,1.4,6.8,5.6,4.7,5.2,1.7,4.5,3.9,6.3,MODERATE
USR00125,23,MALE,WORKING PROFESSIONAL,MARRIED,INSTAGRAM,2.7,3,4,false,WITHIN 5 MIN,59,6.1,5.5,4.6,4.3,true,false,6.1,5.1,5.8,2.6,6.2,5.8,7.3,6.5,5.1,2.8,6.2,MODERATE
USR00126,41,FEMALE,STUDENT,MARRIED,FACEBOOK,4.9,3,5,false,WITHIN 5 MIN,70,2.6,4.1,4.4,1.2,false,true,4.9,4.8,4.7,8.2,5.3,7.8,3.1,5.5,1.0,4.4,8.2,LOW
USR00127,41,FEMALE,WORKING PROFESSIONAL,SINGLE,INSTAGRAM,2.9,1,3,true,5-30 MIN,103,5.3,1.4,9.6,6.7,true,true,8.5,4.4,6.7,5.8,4.5,7.0,4.0,3.7,3.3,3.7,5.2,HIGH
USR00128,37,MALE,STUDENT,SINGLE,FACEBOOK,6.3,4,4,true,5-30 MIN,6,4.3,6.9,4.3,6.3,true,false,6.5,3.4,6.1,0.3,6.2,6.5,5.0,2.3,3.6,2.6,6.1,MODERATE
USR00129,26,MALE,WORKING PROFESSIONAL,MARRIED,FACEBOOK,3.8,3,4,false,AFTER 30 MIN,33,4.8,0.9,2.1,6.7,true,false,7.3,0.0,4.6,5.3,6.3,6.4,10.0,6.3,1.0,0.0,8.4,LOW
USR00130,30,FEMALE,STUDENT,MARRIED,YOUTUBE,4.2,4,7,false,5-30 MIN,58,4.6,5.1,6.9,5.5,true,false,9.6,3.3,3.0,9.4,2.1,6.7,3.7,7.7,0.5,0.4,8.1,LOW
USR00131,38,MALE,FREELANCER,UNKNOWN,TIKTOK,5.6,4,2,true,WITHIN 5 MIN,63,8.3,3.3,4.9,6.9,false,false,5.2,5.4,3.0,4.4,10.0,6.6,2.3,7.0,3.8,3.3,5.8,HIGH
USR00132,28,MALE,STUDENT,SINGLE,YOUTUBE,3.6,1,6,false,AFTER 30 MIN,80,4.2,6.6,4.8,2.1,true,true,10.0,5.2,4.8,7.1,5.9,8.0,6.5,4.3,0.7,3.4,6.8,MODERATE
USR00133,33,MALE,STUDENT,MARRIED,TWITTER/X,4.4,4,4,false,AFTER 30 MIN,116,0.0,5.5,3.5,3.4,true,true,8.0,3.7,2.7,6.4,9.3,6.6,8.6,9.0,2.4,1.8,7.5,LOW
USR00134,22,FEMALE,FREELANCER,SINGLE,UNKNOWN,7.3,3,4,false,WITHIN 5 MIN,60,7.8,3.5,5.3,3.2,false,true,3.7,3.6,2.4,5.4,5.5,6.6,7.0,6.1,4.5,6.0,6.6,HIGH
USR00135,18,MALE,STUDENT,SINGLE,INSTAGRAM,4.4,2,1,false,AFTER 30 MIN,88,3.3,4.9,3.6,7.7,false,false,6.3,6.5,2.9,4.8,7.8,6.0,5.3,3.8,3.4,0.1,7.4,LOW
USR00137,27,FEMALE,STUDENT,IN A RELATIONSHIP,YOUTUBE,5.7,3,3,false,WITHIN 5 MIN,81,6.5,4.9,5.6,2.5,true,false,2.8,3.6,3.5,7.0,6.9,7.3,7.3,8.3,3.3,3.6,7.4,MODERATE
USR00138,27,FEMALE,STUDENT,IN A RELATIONSHIP,SNAPCHAT,4.8,3,2,true,WITHIN 5 MIN,147,6.4,7.3,6.2,7.4,false,true,4.8,5.9,4.6,6.1,5.5,6.5,6.5,8.6,2.2,1.5,4.1,SEVERE
USR00142,37,NON-BINARY,STUDENT,IN A RELATIONSHIP,TIKTOK,1.5,3,6,true,WITHIN 5 MIN,20,3.9,7.4,7.1,4.7,false,true,7.7,6.7,4.1,4.8,7.5,6.8,0.3,7.1,3.7,5.4,6.1,MODERATE
USR00143,21,MALE,WORKING PROFESSIONAL,SINGLE,FACEBOOK,0.5,3,4,true,WITHIN 5 MIN,147,1.2,3.8,4.5,7.3,false,false,5.8,6.2,4.7,5.6,8.0,5.8,9.6,4.9,4.0,2.1,6.4,MODERATE
USR00144,36,FEMALE,STUDENT,SINGLE,TWITTER/X,2.7,3,2,true,WITHIN 5 MIN,58,5.7,2.4,7.4,4.7,true,false,4.8,3.7,5.7,5.9,6.4,8.6,4.4,3.9,5.2,3.1,6.6,MODERATE
USR00146,36,FEMALE,WORKING PROFESSIONAL,IN A RELATIONSHIP,YOUTUBE,0.5,1,4,false,AFTER 30 MIN,86,4.1,7.7,4.1,3.5,false,true,4.7,4.9,0.8,3.2,3.8,6.3,6.3,8.6,3.2,3.0,7.6,LOW
USR00149,22,FEMALE,STUDENT,IN A RELATIONSHIP,SNAPCHAT,5.0,2,5,false,5-30 MIN,97,3.0,4.0,8.4,6.1,false,true,3.6,2.5,5.7,4.9,3.8,8.6,8.2,9.3,3.5,2.0,5.5,MODERATE
USR00150,32,FEMALE,STUDENT,IN A RELATIONSHIP,TWITTER/X,5.6,5,5,false,AFTER 30 MIN,35,4.3,7.9,6.6,5.4,false,true,5.6,5.5,2.5,6.6,5.5,6.6,2.6,4.3,1.6,2.8,7.4,MODERATE
USR00151,25,MALE,WORKING PROFESSIONAL,IN A RELATIONSHIP,YOUTUBE,9.3,3,4,true,5-30 MIN,113,1.8,7.7,7.6,6.7,false,false,5.7,1.7,2.0,5.7,6.7,5.5,4.8,7.1,0.2,4.6,5.8,HIGH
USR00153,20,NON-BINARY,STUDENT,IN A RELATIONSHIP,SNAPCHAT,3.2,5,6,false,WITHIN 5 MIN,34,5.9,3.3,5.0,10.0,true,true,0.0,5.4,5.7,1.8,7.2,4.7,7.9,3.3,4.1,1.9,5.3,HIGH
USR00155,35,FEMALE,WORKING PROFESSIONAL,IN A RELATIONSHIP,INSTAGRAM,6.9,2,3,false,WITHIN 5 MIN,80,4.1,5.2,6.2,6.2,true,false,1.3,4.2,2.9,6.1,1.8,6.6,5.6,5.6,4.2,2.6,7.3,MODERATE
USR00156,24,FEMALE,WORKING PROFESSIONAL,SINGLE,SNAPCHAT,4.0,2,2,true,5-30 MIN,85,4.8,5.6,5.3,6.5,false,false,4.5,4.4,4.0,5.6,2.9,5.9,6.2,7.6,2.4,2.1,7.9,MODERATE
USR00158,44,MALE,STUDENT,MARRIED,TIKTOK,0.5,1,4,false,5-30 MIN,113,8.9,6.9,2.6,5.9,false,true,4.8,8.7,6.6,6.1,4.6,4.0,3.1,4.2,4.5,3.5,5.8,HIGH
USR00159,41,NON-BINARY,STUDENT,IN A RELATIONSHIP,YOUTUBE,6.4,2,6,false,WITHIN 5 MIN,22,3.6,3.4,6.6,5.0,true,false,6.0,7.9,3.9,5.4,3.2,4.9,8.3,6.4,0.4,1.7,6.8,MODERATE
USR00160,15,MALE,FREELANCER,IN A RELATIONSHIP,INSTAGRAM,4.0,3,5,false,WITHIN 5 MIN,68,4.7,6.1,4.7,6.0,true,true,3.5,4.8,4.7,6.9,7.7,4.8,5.5,4.7,4.8,3.6,6.0,HIGH
USR00161,43,NON-BINARY,STUDENT,MARRIED,SNAPCHAT,7.9,2,3,false,AFTER 30 MIN,33,3.9,5.5,3.4,7.5,true,true,4.9,6.3,6.7,5.5,4.8,5.9,3.4,6.3,3.4,5.2,7.7,LOW
USR00162,37,FEMALE,FREELANCER,IN A RELATIONSHIP,TIKTOK,8.5,2,3,false,WITHIN 5 MIN,10,5.9,3.2,2.9,5.2,true,true,5.2,4.9,7.7,4.2,7.4,6.3,4.7,7.3,2.9,2.1,6.1,HIGH
USR00164,27,MALE,STUDENT,SINGLE,FACEBOOK,5.6,3,8,true,WITHIN 5 MIN,102,5.6,4.5,3.9,3.4,true,false,7.8,3.3,4.8,7.1,6.7,7.2,7.6,1.3,3.8,2.0,5.6,HIGH
USR00170,29,MALE,UNKNOWN,MARRIED,TWITTER/X,3.4,2,2,true,AFTER 30 MIN,36,2.5,3.9,5.4,2.1,false,false,2.1,0.2,2.3,7.0,9.7,6.0,9.2,4.3,0.2,3.0,8.5,LOW
USR00171,35,FEMALE,WORKING PROFESSIONAL,IN A RELATIONSHIP,INSTAGRAM,4.0,2,4,true,5-30 MIN,49,7.9,2.9,5.9,5.4,true,false,6.3,1.2,5.5,5.7,8.4,7.6,4.8,7.7,0.0,3.3,7.5,MODERATE
USR00172,32,FEMALE,FREELANCER,IN A RELATIONSHIP,SNAPCHAT,2.7,4,4,true,WITHIN 5 MIN,5,3.1,4.5,5.0,8.1,true,true,2.8,7.9,4.9,5.4,4.7,6.8,6.5,5.7,2.9,3.1,5.9,HIGH
USR00173,44,FEMALE,STUDENT,SINGLE,YOUTUBE,8.5,3,6,true,5-30 MIN,37,2.5,5.1,5.4,4.1,true,true,5.3,5.1,5.3,3.3,7.0,6.8,5.3,3.4,1.6,1.5,5.9,SEVERE
USR00176,32,MALE,STUDENT,SINGLE,YOUTUBE,3.7,4,4,true,WITHIN 5 MIN,76,0.5,2.3,3.8,5.8,false,false,5.3,3.5,4.8,3.5,7.1,6.5,2.5,9.3,0.3,1.4,7.5,LOW
USR00178,30,FEMALE,WORKING PROFESSIONAL,IN A RELATIONSHIP,INSTAGRAM,7.2,3,2,false,WITHIN 5 MIN,43,4.0,5.9,4.7,7.4,true,false,2.2,2.0,3.8,3.1,5.3,7.9,1.8,5.8,4.6,1.6,5.4,HIGH
USR00179,32,FEMALE,WORKING PROFESSIONAL,IN A RELATIONSHIP,YOUTUBE,7.2,5,6,true,AFTER 30 MIN,93,5.7,6.9,9.6,5.1,false,false,10.0,6.1,3.2,6.7,7.0,6.9,4.9,7.7,5.9,0.6,5.5,HIGH
USR00180,37,FEMALE,STUDENT,SINGLE,SNAPCHAT,4.9,3,2,true,AFTER 30 MIN,108,4.2,5.5,6.7,3.0,true,false,7.9,6.0,4.6,6.9,4.3,8.7,2.2,7.3,2.6,3.6,8.0,LOW
USR00182,24,MALE,STUDENT,SINGLE,TWITTER/X,1.4,5,7,false,WITHIN 5 MIN,110,2.6,7.6,3.2,2.2,true,true,4.0,4.5,6.4,5.7,3.9,4.1,3.2,4.9,5.1,1.3,7.0,MODERATE
USR00183,23,NON-BINARY,WORKING PROFESSIONAL,MARRIED,INSTAGRAM,7.9,8,3,true,WITHIN 5 MIN,98,1.1,5.5,5.0,6.5,true,false,7.2,6.2,2.8,6.6,2.5,6.2,5.6,7.2,2.8,4.3,4.4,SEVERE
USR00184,43,NON-BINARY,WORKING PROFESSIONAL,MARRIED,FACEBOOK,4.4,3,3,false,AFTER 30 MIN,103,0.8,6.0,5.3,6.4,true,true,6.0,9.5,5.5,1.6,5.6,8.2,1.1,3.4,4.6,1.7,7.8,MODERATE
USR00185,37,MALE,FREELANCER,SINGLE,SNAPCHAT,9.0,1,6,true,WITHIN 5 MIN,97,6.4,7.0,7.0,10.0,true,false,5.9,8.3,6.0,6.4,4.0,5.8,5.7,5.2,0.2,5.0,4.3,SEVERE
USR00186,30,FEMALE,WORKING PROFESSIONAL,SINGLE,YOUTUBE,3.3,2,5,false,WITHIN 5 MIN,126,5.9,8.0,2.0,3.3,true,false,6.6,6.0,5.2,4.9,5.1,6.1,5.7,6.2,2.6,3.4,6.1,MODERATE
USR00187,20,FEMALE,STUDENT,MARRIED,TIKTOK,5.6,1,2,false,5-30 MIN,65,7.0,3.6,5.1,2.4,true,true,5.9,6.0,6.5,3.0,0.8,6.1,4.2,2.8,3.1,2.4,6.0,HIGH
USR00191,19,MALE,STUDENT,SINGLE,FACEBOOK,6.9,3,4,false,WITHIN 5 MIN,116,5.7,5.7,5.4,7.0,false,false,1.5,2.4,1.0,3.0,3.9,6.1,4.9,4.5,2.6,4.2,5.2,MODERATE
USR00194,24,MALE,UNEMPLOYED,MARRIED,TWITTER/X,2.3,2,3,false,5-30 MIN,48,5.2,7.0,7.9,5.1,true,false,1.1,4.5,0.7,2.3,8.6,5.3,6.2,7.7,2.2,3.9,7.8,LOW
USR00195,26,FEMALE,WORKING PROFESSIONAL,UNKNOWN,INSTAGRAM,7.3,3,4,true,5-30 MIN,5,2.5,10.0,5.4,7.7,false,false,2.7,5.0,5.7,4.3,5.6,6.6,3.1,4.5,3.7,2.8,5.9,MODERATE
USR00196,21,MALE,STUDENT,SINGLE,INSTAGRAM,4.6,2,2,true,AFTER 30 MIN,54,3.5,5.5,7.0,4.9,true,false,4.1,4.5,2.6,3.8,4.7,7.0,5.1,4.4,2.6,6.2,7.8,LOW
USR00197,39,NON-BINARY,FREELANCER,MARRIED,TIKTOK,5.6,1,2,false,5-30 MIN,52,2.4,5.6,5.6,6.6,true,true,6.8,4.5,0.6,5.3,6.9,5.4,4.6,6.8,4.7,3.0,7.6,MODERATE
USR00198,16,FEMALE,STUDENT,IN A RELATIONSHIP,TWITTER/X,4.4,7,4,false,WITHIN 5 MIN,94,6.4,7.2,5.0,4.6,true,true,4.7,4.5,1.8,7.4,6.9,8.2,4.4,5.9,6.6,2.3,6.0,MODERATE
USR00199,36,FEMALE,STUDENT,SINGLE,TIKTOK,5.3,2,7,false,WITHIN 5 MIN,60,5.4,5.6,5.7,4.4,false,false,1.4,2.8,7.9,3.2,4.2,6.2,3.6,5.8,2.2,3.9,6.2,MODERATE
USR00200,36,MALE,STUDENT,IN A RELATIONSHIP,YOUTUBE,3.7,3,3,true,5-30 MIN,76,4.1,4.1,4.7,0.6,true,false,7.3,3.1,5.5,7.4,6.2,10.0,6.8,4.5,0.0,3.4,7.5,LOW
USR00201,26,MALE,FREELANCER,MARRIED,YOUTUBE,10.1,4,2,true,WITHIN 5 MIN,75,4.1,5.0,4.5,7.0,true,false,7.5,7.4,5.1,4.1,2.6,5.5,3.4,3.3,4.7,1.0,3.5,SEVERE
USR00202,43,FEMALE,WORKING PROFESSIONAL,SINGLE,INSTAGRAM,8.5,3,1,true,WITHIN 5 MIN,79,3.1,2.8,0.0,5.4,true,false,6.8,4.5,5.4,8.5,7.8,6.7,1.7,2.6,4.0,1.5,7.7,LOW
USR00203,39,MALE,FREELANCER,SINGLE,INSTAGRAM,6.0,4,8,true,WITHIN 5 MIN,24,6.8,4.1,4.9,6.8,true,true,6.8,5.8,5.5,9.7,7.2,4.0,1.7,2.3,1.3,1.7,3.7,SEVERE
USR00204,34,FEMALE,WORKING PROFESSIONAL,SINGLE,TIKTOK,5.1,5,2,false,AFTER 30 MIN,20,4.9,4.1,4.6,0.6,false,false,4.0,9.1,6.2,5.3,2.7,7.4,2.4,5.5,1.5,4.9,8.0,LOW
USR00206,38,MALE,FREELANCER,SINGLE,YOUTUBE,2.7,1,2,false,5-30 MIN,62,5.8,5.8,4.5,6.8,true,false,2.3,4.6,4.9,6.5,8.5,6.5,5.9,9.9,3.1,1.9,7.7,LOW
USR00207,40,MALE,STUDENT,MARRIED,TIKTOK,5.8,7,6,true,WITHIN 5 MIN,79,8.1,5.9,3.5,4.8,true,false,4.5,3.4,0.4,4.5,6.6,4.1,3.1,5.1,2.7,4.7,5.0,SEVERE
USR00209,27,UNKNOWN,FREELANCER,MARRIED,TWITTER/X,3.6,3,3,false,5-30 MIN,48,6.8,6.3,6.7,7.6,false,true,3.0,4.7,5.6,3.9,6.7,6.8,3.7,7.1,3.1,4.7,6.5,MODERATE
USR00210,28,MALE,WORKING PROFESSIONAL,SINGLE,TWITTER/X,3.0,7,5,true,WITHIN 5 MIN,100,5.6,7.8,3.7,4.7,true,true,5.2,4.5,5.2,8.1,6.1,6.2,5.9,8.0,2.9,3.5,4.4,SEVERE
USR00211,19,FEMALE,STUDENT,IN A RELATIONSHIP,FACEBOOK,3.1,3,8,false,WITHIN 5 MIN,61,8.2,4.7,8.5,5.5,true,false,8.3,2.3,6.0,4.4,4.7,7.1,4.1,7.9,2.9,2.6,6.1,MODERATE
USR00212,22,MALE,WORKING PROFESSIONAL,IN A RELATIONSHIP,YOUTUBE,5.6,3,5,true,WITHIN 5 MIN,75,2.5,6.6,2.2,5.4,false,true,3.9,2.7,6.5,3.6,2.7,6.9,6.4,5.6,2.1,1.9,5.4,HIGH
USR00215,24,MALE,WORKING PROFESSIONAL,SINGLE,TIKTOK,5.4,5,3,true,WITHIN 5 MIN,62,6.5,5.6,4.2,1.6,true,true,0.2,3.5,6.6,7.4,2.1,7.6,3.8,4.3,0.0,3.1,4.8,SEVERE
USR00216,21,FEMALE,WORKING PROFESSIONAL,SINGLE,TWITTER/X,4.8,4,3,true,WITHIN 5 MIN,118,4.6,2.0,6.4,4.1,false,false,2.7,4.0,3.7,10.0,4.7,3.7,5.3,9.2,5.1,3.8,8.1,LOW
USR00217,30,UNKNOWN,STUDENT,SINGLE,SNAPCHAT,4.3,5,2,false,WITHIN 5 MIN,100,5.6,6.3,4.2,7.3,true,false,4.5,6.5,3.2,5.9,6.3,5.7,4.6,3.0,4.2,2.7,6.3,MODERATE
USR00219,42,MALE,FREELANCER,MARRIED,INSTAGRAM,4.0,2,4,true,AFTER 30 MIN,58,0.9,5.8,3.7,6.4,false,false,6.4,3.8,8.7,5.5,3.7,6.8,3.6,5.0,3.3,5.0,7.8,LOW
USR00220,33,MALE,FREELANCER,MARRIED,INSTAGRAM,1.6,2,2,true,5-30 MIN,72,9.2,6.5,7.8,6.9,false,true,2.5,5.1,5.0,5.8,7.6,6.4,4.4,7.1,3.5,5.3,5.4,SEVERE
USR00221,43,FEMALE,STUDENT,IN A RELATIONSHIP,INSTAGRAM,4.8,6,3,false,AFTER 30 MIN,47,7.2,4.5,4.8,6.3,true,false,5.8,5.1,2.7,5.7,3.6,5.4,7.5,6.2,2.0,0.0,6.7,MODERATE
USR00222,31,NON-BINARY,STUDENT,MARRIED,INSTAGRAM,2.4,2,8,true,WITHIN 5 MIN,76,6.1,4.0,3.4,5.5,true,false,3.1,1.8,5.5,6.2,6.1,7.7,2.6,4.0,3.3,3.1,7.5,LOW
USR00223,20,FEMALE,STUDENT,IN A RELATIONSHIP,TIKTOK,6.3,4,6,false,5-30 MIN,103,5.4,6.3,4.7,6.9,false,false,5.2,3.3,6.7,5.6,8.1,4.6,4.7,6.0,4.1,4.7,7.0,MODERATE
USR00224,18,MALE,STUDENT,UNKNOWN,TIKTOK,5.8,6,0,false,WITHIN 5 MIN,46,3.0,3.3,0.2,6.0,false,true,3.8,4.8,2.7,4.9,3.0,6.7,6.6,4.7,2.5,5.4,6.9,MODERATE
USR00225,28,MALE,STUDENT,MARRIED,SNAPCHAT,3.8,2,6,false,5-30 MIN,41,2.4,3.8,3.3,6.9,true,false,2.3,8.2,9.0,6.0,8.3,6.7,9.2,7.0,4.3,3.5,8.8,LOW
USR00227,36,FEMALE,WORKING PROFESSIONAL,SINGLE,FACEBOOK,3.6,3,4,true,WITHIN 5 MIN,26,6.8,3.9,5.8,5.3,true,false,0.2,5.3,4.9,5.6,8.3,5.4,0.7,2.3,1.3,2.1,8.1,LOW
USR00228,38,MALE,STUDENT,IN A RELATIONSHIP,YOUTUBE,3.5,3,6,true,WITHIN 5 MIN,58,2.8,7.1,5.4,10.0,true,false,4.7,4.0,4.0,6.2,4.4,7.7,5.2,4.7,3.7,0.3,5.6,HIGH
USR00230,28,NON-BINARY,STUDENT,MARRIED,TWITTER/X,0.5,3,4,true,5-30 MIN,52,4.1,5.8,8.9,6.9,false,false,7.0,4.3,6.3,6.5,6.1,5.9,6.9,5.4,2.8,2.4,7.0,MODERATE
USR00231,23,MALE,UNEMPLOYED,IN A RELATIONSHIP,SNAPCHAT,3.6,1,5,true,AFTER 30 MIN,60,7.7,2.5,6.9,3.8,false,true,7.5,5.0,8.5,2.5,4.9,6.6,3.1,4.7,2.5,0.6,5.4,SEVERE
USR00232,35,MALE,STUDENT,MARRIED,INSTAGRAM,8.3,5,4,false,WITHIN 5 MIN,20,5.9,6.6,5.3,7.0,true,true,5.2,3.1,3.1,5.6,6.3,5.1,4.5,8.0,4.8,2.6,6.3,HIGH
USR00233,42,FEMALE,FREELANCER,IN A RELATIONSHIP,SNAPCHAT,1.9,4,5,true,5-30 MIN,52,7.3,4.8,3.2,5.4,true,true,6.4,7.0,2.6,7.5,2.3,7.0,4.0,3.5,0.8,2.2,6.3,MODERATE
USR00235,28,MALE,FREELANCER,SINGLE,INSTAGRAM,3.1,3,4,true,5-30 MIN,110,2.6,6.0,8.0,4.2,false,true,3.1,6.3,3.3,6.1,2.9,6.4,7.6,7.1,2.8,3.2,5.2,HIGH
USR00236,24,MALE,WORKING PROFESSIONAL,MARRIED,TIKTOK,5.6,3,3,true,WITHIN 5 MIN,28,4.9,5.6,2.5,4.3,true,true,6.1,5.9,6.3,2.2,5.0,6.2,6.0,5.4,4.8,4.3,5.2,SEVERE
USR00237,25,FEMALE,STUDENT,SINGLE,INSTAGRAM,2.7,2,8,false,5-30 MIN,5,8.4,2.3,10.0,6.2,false,false,0.0,6.2,7.2,5.6,5.8,6.6,1.4,7.8,5.0,2.7,8.0,LOW
USR00238,15,MALE,WORKING PROFESSIONAL,MARRIED,INSTAGRAM,4.3,1,5,true,WITHIN 5 MIN,46,2.4,4.5,1.6,3.9,true,false,9.9,4.2,1.2,6.7,4.3,8.4,3.2,7.8,4.0,6.1,8.1,LOW
USR00239,17,MALE,STUDENT,MARRIED,YOUTUBE,5.4,1,3,false,AFTER 30 MIN,122,8.9,4.9,2.2,6.8,true,true,5.2,4.7,4.6,4.7,3.8,8.1,3.5,7.4,3.6,4.5,6.0,MODERATE
USR00243,33,MALE,FREELANCER,SINGLE,SNAPCHAT,5.6,4,4,false,5-30 MIN,29,8.5,7.3,6.0,9.9,false,true,5.0,5.0,5.2,2.6,5.6,6.2,3.5,7.0,5.3,0.4,4.0,SEVERE
USR00244,24,NON-BINARY,WORKING PROFESSIONAL,SINGLE,TIKTOK,5.8,2,5,true,WITHIN 5 MIN,30,5.7,5.6,2.7,4.4,true,true,5.2,7.4,7.0,6.0,6.6,6.4,5.9,4.3,2.5,0.9,3.5,SEVERE
USR00245,24,MALE,WORKING PROFESSIONAL,SINGLE,TWITTER/X,6.1,8,2,true,WITHIN 5 MIN,122,5.4,4.1,4.4,4.3,true,false,2.0,4.5,6.2,7.3,7.6,3.9,10.0,8.4,2.1,0.0,5.6,HIGH
USR00246,28,FEMALE,WORKING PROFESSIONAL,MARRIED,INSTAGRAM,5.4,4,4,true,WITHIN 5 MIN,97,0.9,4.5,5.3,7.2,false,false,8.6,4.5,0.0,7.0,8.3,8.3,4.2,4.4,2.5,3.0,7.6,MODERATE
USR00248,26,FEMALE,STUDENT,SINGLE,TWITTER/X,3.6,1,2,false,5-30 MIN,5,9.1,3.2,5.4,4.9,false,false,2.6,3.8,5.9,8.7,8.3,7.9,6.2,4.2,0.0,1.7,7.7,LOW
USR00249,16,MALE,STUDENT,SINGLE,INSTAGRAM,5.6,3,6,true,WITHIN 5 MIN,5,5.1,6.7,3.5,10.0,true,false,5.4,0.0,3.1,2.9,5.7,7.9,9.6,6.7,2.1,0.0,4.3,SEVERE
USR00250,29,MALE,STUDENT,MARRIED,TWITTER/X,4.6,3,5,true,WITHIN 5 MIN,45,4.7,5.6,7.1,7.1,true,false,6.9,2.5,6.2,3.8,5.2,9.3,7.8,7.2,4.0,3.1,5.4,SEVERE
USR00251,31,NON-BINARY,UNEMPLOYED,SINGLE,SNAPCHAT,6.4,5,5,true,WITHIN 5 MIN,5,3.4,9.2,4.0,8.0,true,false,8.5,2.2,3.7,5.6,8.9,5.1,5.0,3.4,4.3,0.0,5.6,HIGH
USR00252,31,MALE,WORKING PROFESSIONAL,IN A RELATIONSHIP,UNKNOWN,1.8,5,4,true,5-30 MIN,63,5.4,2.9,5.0,2.5,false,true,9.1,6.8,2.1,7.3,5.4,5.4,8.3,2.6,3.3,3.5,6.0,HIGH
USR00254,32,NON-BINARY,STUDENT,SINGLE,INSTAGRAM,2.7,7,6,false,5-30 MIN,43,1.4,7.0,7.9,6.9,false,true,5.5,7.6,6.6,4.6,10.0,3.9,8.6,7.7,5.5,3.4,6.3,MODERATE
USR00255,29,MALE,UNEMPLOYED,SINGLE,INSTAGRAM,5.1,5,5,true,5-30 MIN,105,4.6,5.5,3.5,7.8,true,false,7.1,6.4,3.8,7.6,6.3,6.2,4.4,1.6,2.6,2.2,3.8,SEVERE
USR00257,36,FEMALE,WORKING PROFESSIONAL,UNKNOWN,YOUTUBE,2.6,2,6,true,WITHIN 5 MIN,85,4.5,3.8,8.1,7.8,true,true,4.6,5.4,3.8,4.6,5.5,8.7,4.8,1.8,2.9,6.2,4.6,SEVERE
USR00259,33,MALE,UNKNOWN,SINGLE,INSTAGRAM,3.6,5,2,false,WITHIN 5 MIN,11,5.4,4.5,9.3,7.4,true,true,3.4,8.1,6.9,3.8,5.2,4.5,0.9,4.7,3.1,2.4,5.6,SEVERE
USR00260,15,FEMALE,STUDENT,SINGLE,INSTAGRAM,2.2,2,3,true,5-30 MIN,86,5.8,4.3,7.1,4.0,true,true,6.4,4.5,3.5,3.8,3.5,3.2,6.4,1.4,2.0,2.1,5.4,SEVERE
USR00262,41,MALE,WORKING PROFESSIONAL,MARRIED,FACEBOOK,4.3,2,8,false,5-30 MIN,42,2.5,6.4,0.4,5.8,true,true,4.4,7.7,2.5,6.2,8.0,7.2,8.9,9.7,2.6,1.3,9.0,LOW
USR00263,25,MALE,STUDENT,IN A RELATIONSHIP,TIKTOK,5.5,2,0,true,5-30 MIN,72,10.0,3.3,4.7,4.6,false,true,6.2,5.0,6.4,3.2,2.9,6.5,1.9,9.9,0.3,1.1,4.3,SEVERE
USR00264,35,FEMALE,WORKING PROFESSIONAL,SINGLE,INSTAGRAM,5.7,2,5,true,WITHIN 5 MIN,92,2.8,5.2,4.2,3.5,false,false,4.5,4.1,6.7,3.7,7.5,7.0,7.2,5.2,4.4,1.9,5.9,MODERATE
USR00265,41,FEMALE,STUDENT,IN A RELATIONSHIP,YOUTUBE,3.2,6,2,true,AFTER 30 MIN,92,4.1,3.9,9.3,6.8,false,false,8.3,2.8,2.8,7.4,6.4,8.6,7.7,8.4,2.9,2.2,7.0,MODERATE
USR00266,42,FEMALE,FREELANCER,SINGLE,YOUTUBE,3.9,2,5,true,5-30 MIN,84,4.4,7.8,1.6,2.5,true,false,5.1,2.3,5.0,4.8,6.0,6.0,9.2,3.5,1.8,4.8,7.5,LOW
USR00267,43,MALE,WORKING PROFESSIONAL,SINGLE,TIKTOK,4.2,1,7,true,WITHIN 5 MIN,5,7.6,4.2,8.8,3.6,true,true,6.0,3.3,5.1,4.5,8.1,7.1,3.8,7.2,0.4,5.6,6.1,HIGH
USR00268,23,FEMALE,STUDENT,IN A RELATIONSHIP,SNAPCHAT,5.9,3,8,false,5-30 MIN,82,4.0,5.4,2.5,6.7,true,true,5.7,5.6,4.0,3.4,7.5,4.7,9.6,7.8,3.0,3.5,6.7,MODERATE
USR00271,19,MALE,STUDENT,IN A RELATIONSHIP,FACEBOOK,3.3,5,2,true,5-30 MIN,29,8.2,6.8,4.7,6.8,true,false,1.3,5.8,5.5,9.0,3.5,6.2,3.8,6.7,2.2,3.0,7.2,LOW
USR00272,40,NON-BINARY,STUDENT,MARRIED,YOUTUBE,4.5,2,7,true,5-30 MIN,67,2.7,9.0,5.8,3.8,false,false,2.4,10.0,1.7,2.4,3.6,8.5,6.6,5.6,4.9,2.7,6.3,MODERATE
USR00277,43,FEMALE,FREELANCER,IN A RELATIONSHIP,YOUTUBE,6.1,1,5,false,WITHIN 5 MIN,62,2.2,9.3,4.4,1.4,false,false,7.6,3.4,5.2,4.8,6.2,6.0,5.0,3.2,0.3,2.7,7.8,MODERATE
USR00278,22,FEMALE,STUDENT,IN A RELATIONSHIP,INSTAGRAM,6.5,2,4,false,WITHIN 5 MIN,71,4.4,7.5,5.6,2.5,true,true,8.6,6.2,4.3,5.8,8.1,5.5,2.9,8.5,0.0,3.1,5.9,HIGH
USR00280,30,MALE,STUDENT,MARRIED,FACEBOOK,6.7,5,5,true,AFTER 30 MIN,9,3.9,2.1,8.5,4.9,true,false,6.7,5.5,3.3,7.0,5.4,7.5,4.3,6.4,4.6,0.9,8.6,LOW
USR00281,15,MALE,STUDENT,IN A RELATIONSHIP,FACEBOOK,3.4,4,3,true,WITHIN 5 MIN,58,4.1,5.4,7.6,8.5,false,false,2.7,3.8,5.1,5.7,6.2,7.9,5.6,5.8,0.0,2.5,6.1,MODERATE
USR00282,33,FEMALE,STUDENT,MARRIED,YOUTUBE,4.5,4,4,true,AFTER 30 MIN,48,2.5,3.9,7.1,7.7,true,false,2.6,7.3,3.3,3.4,5.6,7.6,4.7,7.1,4.3,2.4,7.9,LOW
USR00283,22,MALE,WORKING PROFESSIONAL,SINGLE,INSTAGRAM,5.7,2,0,false,WITHIN 5 MIN,37,5.9,5.3,5.0,8.3,false,false,3.0,7.9,3.0,7.0,5.4,6.6,3.3,3.7,2.1,3.1,6.0,HIGH
USR00284,27,NON-BINARY,WORKING PROFESSIONAL,SINGLE,INSTAGRAM,1.9,2,4,true,WITHIN 5 MIN,60,3.3,5.5,4.4,7.8,true,true,6.0,2.2,6.4,5.5,9.7,6.2,5.0,4.2,3.1,1.5,5.0,HIGH
USR00286,15,MALE,STUDENT,IN A RELATIONSHIP,INSTAGRAM,3.2,6,4,true,AFTER 30 MIN,84,7.1,4.6,4.0,5.2,false,false,7.6,6.0,3.1,10.0,4.4,7.8,9.6,3.2,5.0,1.9,6.9,MODERATE
USR00288,24,MALE,WORKING PROFESSIONAL,IN A RELATIONSHIP,SNAPCHAT,6.1,2,5,true,5-30 MIN,116,7.1,1.9,5.7,4.0,false,true,3.0,6.0,0.0,8.4,5.6,5.7,4.4,1.5,2.1,3.2,6.6,MODERATE
USR00289,29,FEMALE,FREELANCER,IN A RELATIONSHIP,YOUTUBE,1.7,4,1,true,5-30 MIN,54,7.1,8.7,3.4,2.2,false,true,4.7,2.0,4.7,5.6,7.1,7.2,5.0,7.2,1.5,3.0,6.5,MODERATE
USR00290,39,FEMALE,UNEMPLOYED,MARRIED,TIKTOK,3.3,3,2,true,5-30 MIN,19,6.5,8.4,7.6,1.0,false,false,7.9,2.5,7.2,4.1,5.6,6.3,6.5,5.7,7.4,0.2,6.8,HIGH
USR00292,31,MALE,UNEMPLOYED,SINGLE,TWITTER/X,4.6,1,4,true,AFTER 30 MIN,39,4.1,6.2,5.3,5.7,false,true,3.4,9.8,4.4,3.5,9.0,8.2,6.1,5.1,4.3,2.1,6.9,MODERATE
USR00293,26,FEMALE,UNEMPLOYED,IN A RELATIONSHIP,INSTAGRAM,4.9,2,5,true,WITHIN 5 MIN,42,4.7,6.0,4.8,5.3,true,false,6.1,4.0,5.2,3.9,1.6,4.9,5.5,7.5,4.3,3.5,6.7,HIGH
USR00294,20,FEMALE,FREELANCER,SINGLE,INSTAGRAM,4.5,4,3,false,WITHIN 5 MIN,44,3.3,6.4,3.5,5.9,true,false,4.6,4.4,4.6,3.4,6.9,7.1,3.8,5.4,4.1,3.4,7.8,LOW
USR00295,36,MALE,WORKING PROFESSIONAL,IN A RELATIONSHIP,YOUTUBE,2.5,2,6,true,WITHIN 5 MIN,73,1.5,8.3,4.9,4.1,true,true,3.4,6.5,3.1,5.6,3.8,4.2,7.1,8.4,2.7,6.6,6.6,MODERATE
USR00296,31,MALE,STUDENT,SINGLE,INSTAGRAM,6.8,6,1,false,5-30 MIN,67,6.6,6.8,6.8,5.0,true,false,2.7,3.8,8.7,6.2,9.1,6.1,8.3,9.8,5.0,6.1,6.1,MODERATE
USR00297,24,NON-BINARY,STUDENT,SINGLE,INSTAGRAM,6.6,3,3,true,AFTER 30 MIN,42,5.2,6.9,0.9,6.1,true,true,7.5,5.9,2.7,6.6,6.5,5.4,4.3,4.9,3.9,5.0,6.1,MODERATE
USR00300,15,MALE,WORKING PROFESSIONAL,IN A RELATIONSHIP,INSTAGRAM,6.7,5,1,false,AFTER 30 MIN,51,6.7,2.5,5.0,5.8,false,true,4.9,4.3,10.0,6.2,5.8,7.6,4.6,3.3,1.4,0.7,5.7,HIGH
USR00301,23,NON-BINARY,WORKING PROFESSIONAL,IN A RELATIONSHIP,TWITTER/X,5.2,4,6,false,AFTER 30 MIN,55,6.5,2.2,5.0,0.6,true,true,5.2,0.4,5.4,6.9,8.3,6.6,5.4,4.8,2.4,4.6,7.9,LOW
USR00303,20,MALE,STUDENT,MARRIED,INSTAGRAM,3.5,7,1,true,AFTER 30 MIN,33,4.1,8.5,5.3,5.4,false,true,0.0,2.8,6.5,5.9,10.0,7.3,8.8,8.5,0.1,1.0,6.8,HIGH
USR00304,43,FEMALE,WORKING PROFESSIONAL,IN A RELATIONSHIP,YOUTUBE,7.5,3,7,true,AFTER 30 MIN,59,3.1,8.1,6.1,2.9,false,true,3.1,4.2,5.7,6.5,4.6,5.0,6.2,7.4,4.9,2.8,5.3,HIGH
USR00305,26,FEMALE,STUDENT,IN A RELATIONSHIP,TIKTOK,2.2,4,3,true,WITHIN 5 MIN,85,4.5,6.4,3.3,4.8,true,true,6.6,6.3,5.0,6.1,3.9,5.5,5.0,6.4,5.9,3.1,6.2,HIGH
USR00306,44,MALE,STUDENT,MARRIED,TIKTOK,6.4,1,1,true,WITHIN 5 MIN,24,3.5,7.0,5.0,3.6,true,false,0.1,5.3,0.2,5.6,7.3,7.0,5.1,4.0,5.3,1.7,7.0,LOW
USR00307,32,UNKNOWN,WORKING PROFESSIONAL,SINGLE,YOUTUBE,4.4,3,4,false,WITHIN 5 MIN,66,4.1,4.3,1.8,6.1,false,true,7.3,7.0,5.9,4.6,10.0,5.4,5.1,6.5,1.4,4.7,5.9,MODERATE
USR00309,29,MALE,WORKING PROFESSIONAL,SINGLE,INSTAGRAM,7.3,5,2,false,AFTER 30 MIN,65,5.1,4.4,6.4,4.6,true,true,4.2,5.3,4.4,5.9,1.8,7.2,1.7,6.4,4.9,2.5,6.8,MODERATE
USR00311,35,MALE,WORKING PROFESSIONAL,IN A RELATIONSHIP,YOUTUBE,4.4,1,5,true,AFTER 30 MIN,69,2.6,6.9,5.1,4.6,true,true,7.0,0.0,4.3,5.9,5.0,4.5,4.1,2.8,4.5,3.0,6.4,MODERATE
USR00312,31,MALE,STUDENT,MARRIED,TWITTER/X,4.8,1,3,true,5-30 MIN,62,4.0,4.1,4.2,4.8,false,false,6.6,6.2,3.0,6.5,3.0,6.4,2.1,1.7,3.5,4.7,7.2,LOW
USR00313,22,MALE,STUDENT,SINGLE,YOUTUBE,7.5,1,5,true,5-30 MIN,109,5.6,8.1,7.7,7.9,true,true,5.6,4.2,4.8,2.6,5.2,6.7,5.4,5.4,3.5,3.8,4.5,SEVERE
USR00314,43,MALE,WORKING PROFESSIONAL,IN A RELATIONSHIP,YOUTUBE,3.6,6,4,true,WITHIN 5 MIN,62,3.0,5.4,3.1,6.4,true,true,2.9,1.5,3.1,7.6,4.7,7.5,4.0,6.5,3.5,3.0,7.2,LOW
USR00315,30,FEMALE,WORKING PROFESSIONAL,MARRIED,YOUTUBE,3.5,3,1,true,WITHIN 5 MIN,24,5.6,3.8,3.4,8.6,true,false,4.5,4.5,5.2,7.5,4.8,7.9,7.3,5.0,2.0,5.4,6.6,MODERATE
USR00316,41,MALE,WORKING PROFESSIONAL,IN A RELATIONSHIP,SNAPCHAT,0.5,5,2,false,AFTER 30 MIN,45,8.4,7.5,4.0,6.4,true,true,4.7,4.7,7.2,6.8,4.5,6.8,2.8,6.2,3.4,3.5,7.8,LOW
USR00317,33,MALE,STUDENT,IN A RELATIONSHIP,YOUTUBE,1.0,3,0,true,WITHIN 5 MIN,47,0.0,7.9,9.6,3.7,true,true,3.8,2.1,6.4,5.9,2.6,9.3,4.3,7.3,4.4,3.4,7.1,HIGH
USR00318,31,FEMALE,WORKING PROFESSIONAL,MARRIED,INSTAGRAM,3.7,1,7,false,5-30 MIN,43,6.5,3.0,3.9,5.5,false,true,3.6,6.1,7.7,7.2,3.7,7.8,2.1,8.3,4.7,4.3,8.2,LOW
USR00320,30,MALE,UNEMPLOYED,SINGLE,TIKTOK,5.7,7,2,true,AFTER 30 MIN,41,3.6,4.9,3.5,1.9,false,false,6.8,5.4,3.8,4.3,8.1,5.0,5.0,5.5,2.8,3.0,8.8,LOW
USR00321,28,MALE,UNEMPLOYED,SINGLE,FACEBOOK,6.3,1,3,false,WITHIN 5 MIN,59,2.5,5.2,4.7,4.5,false,false,6.3,4.4,2.9,7.2,6.4,7.8,4.9,1.5,1.1,3.0,7.0,LOW
USR00322,34,FEMALE,FREELANCER,IN A RELATIONSHIP,INSTAGRAM,8.6,2,5,false,AFTER 30 MIN,47,5.5,7.9,6.2,5.9,true,false,5.7,5.0,5.8,5.5,3.3,4.3,6.2,6.6,2.6,7.4,8.0,LOW
USR00323,24,FEMALE,STUDENT,SINGLE,TWITTER/X,6.0,4,3,false,WITHIN 5 MIN,5,2.4,5.9,4.2,9.4,true,false,4.3,5.2,4.6,6.4,6.5,4.7,2.3,7.1,4.8,1.3,8.5,LOW
USR00324,28,NON-BINARY,WORKING PROFESSIONAL,MARRIED,TIKTOK,10.6,5,2,true,WITHIN 5 MIN,12,7.3,6.3,2.6,6.9,false,false,3.7,2.3,5.2,6.0,7.3,5.2,4.8,2.5,2.5,4.9,5.9,HIGH
USR00325,39,FEMALE,UNEMPLOYED,SINGLE,FACEBOOK,6.1,1,6,false,WITHIN 5 MIN,68,5.6,4.2,6.3,2.7,true,false,4.5,5.9,4.3,5.6,4.7,7.7,7.3,7.5,2.0,5.1,7.7,LOW
USR00326,18,FEMALE,WORKING PROFESSIONAL,IN A RELATIONSHIP,INSTAGRAM,7.3,4,5,true,WITHIN 5 MIN,23,5.9,6.1,5.6,3.3,false,true,4.1,6.4,0.9,1.5,5.6,6.8,4.7,3.6,5.9,5.8,4.6,SEVERE
USR00327,22,MALE,WORKING PROFESSIONAL,UNKNOWN,TWITTER/X,2.8,2,8,false,WITHIN 5 MIN,92,5.5,4.3,3.5,5.7,false,true,4.8,4.4,0.0,5.1,7.6,7.9,3.2,4.1,1.5,2.7,8.0,LOW
USR00328,32,MALE,STUDENT,MARRIED,INSTAGRAM,5.5,2,1,true,WITHIN 5 MIN,5,1.2,2.3,7.4,6.2,false,false,4.1,3.9,3.5,6.3,8.6,6.6,0.8,5.6,1.9,3.6,8.3,LOW
USR00329,25,MALE,STUDENT,IN A RELATIONSHIP,TWITTER/X,6.5,5,4,true,AFTER 30 MIN,57,3.5,5.5,8.1,3.2,true,false,3.6,3.8,0.0,6.8,2.5,7.3,5.7,3.6,3.2,0.0,6.9,LOW
USR00330,15,FEMALE,WORKING PROFESSIONAL,SINGLE,TIKTOK,6.5,4,6,false,5-30 MIN,106,5.6,5.2,2.7,5.2,false,false,10.0,4.6,8.3,5.4,4.8,7.8,3.3,5.4,2.9,3.6,6.7,MODERATE
USR00331,16,FEMALE,WORKING PROFESSIONAL,IN A RELATIONSHIP,TIKTOK,3.6,2,3,true,WITHIN 5 MIN,42,3.0,3.2,5.0,3.2,true,true,4.5,1.2,2.7,5.9,3.5,6.8,5.0,5.4,3.3,3.8,6.2,MODERATE
USR00332,26,MALE,WORKING PROFESSIONAL,IN A RELATIONSHIP,YOUTUBE,4.4,3,3,false,WITHIN 5 MIN,87,4.9,3.5,6.1,9.0,true,true,0.0,3.9,1.9,7.6,8.2,7.0,4.6,5.4,1.2,4.1,8.3,MODERATE
USR00333,42,MALE,STUDENT,MARRIED,YOUTUBE,4.4,1,2,false,5-30 MIN,40,4.2,4.3,4.3,7.0,false,false,3.7,1.8,3.8,2.8,4.4,4.8,5.6,5.4,3.5,3.8,8.4,LOW
USR00334,19,MALE,STUDENT,SINGLE,INSTAGRAM,5.2,5,3,true,AFTER 30 MIN,5,6.6,1.5,6.0,5.0,true,true,3.8,5.9,5.3,5.6,4.8,5.8,10.0,3.5,5.8,2.7,6.2,MODERATE
USR00335,21,FEMALE,FREELANCER,MARRIED,YOUTUBE,2.3,4,3,false,5-30 MIN,55,7.2,5.9,4.0,7.1,true,true,7.7,3.1,0.9,6.9,5.6,8.4,3.2,5.4,5.0,7.0,6.4,MODERATE
USR00336,44,MALE,STUDENT,MARRIED,TIKTOK,6.6,1,6,false,5-30 MIN,74,3.9,6.0,3.4,4.7,false,false,5.2,5.2,4.5,1.4,7.0,5.4,6.5,2.6,0.7,3.7,7.1,MODERATE
USR00337,42,MALE,UNEMPLOYED,SINGLE,TIKTOK,5.1,3,4,true,AFTER 30 MIN,51,5.4,5.9,5.2,1.7,false,false,6.7,6.1,5.9,8.9,6.4,10.0,5.4,7.4,2.5,3.9,8.6,LOW
USR00338,32,MALE,STUDENT,SINGLE,INSTAGRAM,4.4,2,6,true,WITHIN 5 MIN,76,8.5,8.8,4.0,3.8,true,false,3.4,1.9,1.6,5.8,4.2,4.9,7.5,4.7,3.2,3.2,5.4,SEVERE
USR00339,44,MALE,WORKING PROFESSIONAL,SINGLE,SNAPCHAT,5.8,1,3,false,AFTER 30 MIN,30,5.4,4.9,3.1,8.3,false,true,5.4,3.3,4.9,5.9,5.6,6.6,9.1,4.5,5.1,3.5,6.3,MODERATE
USR00341,27,FEMALE,WORKING PROFESSIONAL,SINGLE,INSTAGRAM,6.2,5,7,true,5-30 MIN,45,7.6,5.7,9.2,4.5,false,false,4.6,7.6,6.6,5.6,7.5,5.6,5.9,3.4,1.4,1.5,4.6,SEVERE
USR00344,31,FEMALE,FREELANCER,MARRIED,YOUTUBE,7.2,4,5,true,5-30 MIN,19,3.3,6.0,3.0,7.2,true,true,6.7,4.3,3.0,3.1,2.2,7.7,3.3,6.6,2.4,2.8,5.4,HIGH
USR00346,41,MALE,STUDENT,IN A RELATIONSHIP,TWITTER/X,6.5,8,3,true,WITHIN 5 MIN,79,4.3,3.2,3.7,5.6,true,true,2.4,6.6,8.8,3.3,5.8,6.2,8.2,6.0,2.9,1.7,4.8,SEVERE
USR00347,41,MALE,STUDENT,IN A RELATIONSHIP,YOUTUBE,5.7,2,4,false,5-30 MIN,82,7.7,6.1,2.8,5.3,false,true,5.2,3.2,5.4,4.3,0.7,7.2,4.1,4.4,4.7,2.1,4.9,SEVERE
USR00348,15,MALE,STUDENT,IN A RELATIONSHIP,TIKTOK,5.3,3,4,true,AFTER 30 MIN,15,9.3,3.3,4.4,6.4,false,false,8.5,3.3,7.1,4.0,1.9,5.3,2.8,3.7,3.6,1.7,5.1,SEVERE
USR00349,43,FEMALE,WORKING PROFESSIONAL,SINGLE,UNKNOWN,4.9,3,4,true,5-30 MIN,77,7.7,5.6,7.1,5.0,true,false,5.1,4.7,6.0,8.5,3.9,7.1,3.0,1.6,4.9,0.0,5.7,SEVERE
USR00350,26,FEMALE,WORKING PROFESSIONAL,IN A RELATIONSHIP,YOUTUBE,5.1,5,0,true,AFTER 30 MIN,40,6.3,5.4,3.5,5.0,true,false,6.3,1.1,1.6,4.5,2.5,3.8,5.7,1.8,1.8,4.4,6.3,HIGH
USR00353,35,FEMALE,WORKING PROFESSIONAL,IN A RELATIONSHIP,TIKTOK,4.3,1,7,true,WITHIN 5 MIN,31,5.8,5.5,2.8,5.7,true,true,5.5,4.5,5.3,6.6,4.9,7.4,10.0,3.3,2.9,0.0,5.1,SEVERE
USR00354,16,MALE,STUDENT,IN A RELATIONSHIP,INSTAGRAM,5.1,2,3,false,AFTER 30 MIN,81,5.9,5.1,3.4,7.9,true,false,7.2,3.2,4.7,9.6,6.1,7.2,3.7,6.7,6.3,4.9,8.8,LOW
USR00355,30,FEMALE,FREELANCER,IN A RELATIONSHIP,FACEBOOK,5.8,1,2,true,WITHIN 5 MIN,44,0.5,5.4,7.9,7.7,false,true,3.5,7.9,5.1,2.1,2.0,8.8,4.3,4.3,0.5,6.6,5.2,HIGH
USR00356,37,FEMALE,WORKING PROFESSIONAL,IN A RELATIONSHIP,YOUTUBE,3.6,6,6,true,WITHIN 5 MIN,68,5.4,3.4,3.5,7.9,true,false,3.8,10.0,1.2,7.4,5.0,7.3,10.0,9.8,2.4,1.8,5.3,HIGH
USR00357,39,FEMALE,WORKING PROFESSIONAL,IN A RELATIONSHIP,INSTAGRAM,5.0,5,5,false,WITHIN 5 MIN,32,6.1,5.6,6.4,3.6,true,false,8.9,5.4,0.1,7.5,5.5,8.7,3.2,5.4,2.9,2.1,7.5,MODERATE
USR00359,17,NON-BINARY,STUDENT,IN A RELATIONSHIP,FACEBOOK,2.8,4,1,false,5-30 MIN,70,7.1,3.9,5.1,3.7,false,false,5.8,8.8,7.2,6.4,5.7,4.5,5.3,7.2,2.5,3.6,7.0,MODERATE
USR00361,19,MALE,WORKING PROFESSIONAL,IN A RELATIONSHIP,TIKTOK,4.0,3,2,false,WITHIN 5 MIN,84,5.5,7.9,5.1,3.4,true,false,3.9,2.4,3.7,5.1,4.7,7.6,3.6,6.7,3.3,4.7,6.8,LOW
USR00362,27,MALE,STUDENT,SINGLE,INSTAGRAM,5.3,3,1,false,5-30 MIN,5,5.3,5.9,5.5,6.1,true,true,2.8,4.4,2.2,2.2,5.8,6.6,9.3,6.6,4.2,3.9,6.4,MODERATE
USR00363,38,MALE,WORKING PROFESSIONAL,SINGLE,FACEBOOK,6.0,5,7,false,WITHIN 5 MIN,60,6.1,3.7,3.0,4.8,false,false,2.1,6.6,2.3,4.3,5.6,6.2,6.0,5.8,0.0,2.6,8.0,LOW
USR00364,35,MALE,WORKING PROFESSIONAL,SINGLE,INSTAGRAM,1.7,1,5,true,WITHIN 5 MIN,16,7.0,3.9,4.5,5.5,true,false,5.1,2.9,3.6,6.0,6.3,8.3,7.3,2.0,4.6,2.1,6.9,MODERATE
USR00366,32,FEMALE,STUDENT,IN A RELATIONSHIP,YOUTUBE,2.4,1,4,true,WITHIN 5 MIN,85,5.4,5.5,3.5,8.2,true,true,6.8,5.7,3.8,4.1,6.8,6.0,4.3,4.7,2.8,3.0,4.3,SEVERE
USR00368,39,MALE,STUDENT,IN A RELATIONSHIP,TIKTOK,3.5,4,3,false,WITHIN 5 MIN,42,4.7,5.0,0.4,10.0,true,true,6.8,4.7,3.7,7.2,5.8,7.8,5.6,7.6,3.5,0.5,6.4,MODERATE
USR00370,33,FEMALE,STUDENT,SINGLE,YOUTUBE,4.9,1,5,true,WITHIN 5 MIN,28,6.5,5.6,4.6,7.6,true,true,8.1,6.5,6.0,5.7,7.0,4.9,4.3,4.6,1.3,2.1,5.1,HIGH
USR00371,40,MALE,FREELANCER,IN A RELATIONSHIP,TIKTOK,8.9,2,5,true,WITHIN 5 MIN,38,8.5,8.2,5.6,4.5,true,false,9.9,4.0,5.7,6.6,7.4,9.4,1.6,3.5,2.4,0.0,5.0,SEVERE
USR00372,37,FEMALE,STUDENT,IN A RELATIONSHIP,YOUTUBE,6.6,4,6,false,5-30 MIN,68,5.4,5.5,3.6,6.2,false,true,9.7,5.6,4.4,7.1,6.5,5.4,4.4,7.5,2.7,2.4,6.5,MODERATE
USR00373,33,MALE,FREELANCER,SINGLE,YOUTUBE,4.0,3,8,false,WITHIN 5 MIN,71,2.3,7.2,6.0,4.6,true,true,4.4,6.4,4.4,2.6,5.1,8.3,5.5,4.4,7.2,1.8,6.7,MODERATE
USR00374,20,MALE,WORKING PROFESSIONAL,IN A RELATIONSHIP,TIKTOK,5.4,2,3,true,AFTER 30 MIN,70,2.5,4.7,5.1,3.4,false,false,4.1,0.8,4.2,6.0,5.8,7.4,4.8,4.5,5.2,2.3,7.2,LOW
USR00375,22,FEMALE,WORKING PROFESSIONAL,IN A RELATIONSHIP,FACEBOOK,7.4,1,2,true,WITHIN 5 MIN,83,9.8,5.8,7.7,3.5,false,false,2.4,4.7,2.1,7.9,6.0,6.6,5.8,7.0,1.0,2.5,6.6,MODERATE
USR00377,20,FEMALE,UNEMPLOYED,SINGLE,TIKTOK,3.5,2,6,true,5-30 MIN,69,5.0,5.5,4.5,6.4,true,false,5.7,5.4,2.9,6.3,6.1,5.7,8.7,3.3,4.6,3.9,6.1,HIGH
USR00378,20,NON-BINARY,WORKING PROFESSIONAL,MARRIED,YOUTUBE,4.4,1,2,false,WITHIN 5 MIN,102,3.5,5.9,5.6,5.8,true,true,6.1,4.9,3.2,3.7,7.1,5.0,4.8,5.8,2.8,2.4,6.7,HIGH
USR00379,21,FEMALE,STUDENT,SINGLE,YOUTUBE,3.9,3,6,true,5-30 MIN,102,6.2,6.0,3.2,3.9,true,true,1.4,6.0,2.9,4.5,7.6,6.7,5.8,2.9,5.2,0.0,6.2,MODERATE
USR00380,44,NON-BINARY,FREELANCER,IN A RELATIONSHIP,FACEBOOK,4.0,4,4,true,5-30 MIN,67,6.1,3.2,2.2,2.1,false,true,1.3,2.6,4.6,5.6,1.3,7.4,3.0,4.0,3.5,2.6,6.5,MODERATE
USR00381,31,MALE,WORKING PROFESSIONAL,SINGLE,TIKTOK,8.1,6,3,true,WITHIN 5 MIN,57,2.1,5.5,6.4,2.7,false,false,6.4,4.6,0.5,6.7,1.7,6.1,4.9,6.2,4.9,5.4,5.9,HIGH
USR00382,25,MALE,FREELANCER,SINGLE,TIKTOK,4.8,3,3,false,WITHIN 5 MIN,58,3.5,3.5,3.7,1.1,true,true,5.3,5.0,4.4,2.5,6.4,7.8,2.1,2.4,0.0,2.8,6.9,MODERATE
USR00384,29,FEMALE,UNEMPLOYED,MARRIED,TIKTOK,3.7,3,4,false,WITHIN 5 MIN,70,10.0,4.5,3.6,3.7,false,true,4.7,6.4,7.1,5.5,7.6,4.6,9.1,7.3,3.5,3.7,5.2,HIGH
USR00385,19,FEMALE,FREELANCER,SINGLE,SNAPCHAT,1.7,1,5,true,AFTER 30 MIN,6,7.1,1.9,2.4,5.6,true,false,2.5,5.8,3.8,4.0,6.7,6.6,2.5,5.6,2.0,2.3,9.1,LOW
USR00386,29,FEMALE,WORKING PROFESSIONAL,MARRIED,YOUTUBE,6.2,1,3,true,5-30 MIN,48,6.2,9.5,6.6,5.2,false,false,5.2,0.0,4.2,5.4,5.4,7.5,8.5,5.4,0.4,1.3,4.8,SEVERE
USR00387,21,MALE,UNKNOWN,IN A RELATIONSHIP,TIKTOK,3.2,3,1,true,WITHIN 5 MIN,28,3.7,2.3,3.4,5.6,false,true,5.9,0.9,4.5,5.7,8.8,7.9,6.4,6.0,4.1,4.6,6.3,MODERATE
USR00389,17,MALE,FREELANCER,SINGLE,YOUTUBE,5.5,4,5,true,WITHIN 5 MIN,67,5.6,8.0,7.7,7.1,false,true,1.0,6.2,6.8,3.5,3.8,7.8,6.8,4.5,6.3,0.0,4.7,SEVERE
USR00391,37,MALE,UNEMPLOYED,SINGLE,INSTAGRAM,2.0,2,3,false,WITHIN 5 MIN,64,5.3,4.3,5.0,4.7,true,false,3.0,8.0,3.1,6.2,2.7,7.9,3.9,5.2,1.4,0.1,6.8,MODERATE
USR00393,44,MALE,WORKING PROFESSIONAL,SINGLE,YOUTUBE,5.4,4,4,false,WITHIN 5 MIN,103,3.8,5.5,3.1,6.2,false,false,4.5,6.1,4.6,9.5,7.3,4.7,0.0,5.4,2.9,2.2,9.2,LOW
USR00394,42,FEMALE,WORKING PROFESSIONAL,MARRIED,INSTAGRAM,3.3,1,5,true,AFTER 30 MIN,115,6.3,8.3,7.0,9.3,false,false,6.7,4.5,5.0,6.4,7.4,5.0,5.9,9.2,2.9,1.5,6.6,MODERATE
USR00395,42,FEMALE,WORKING PROFESSIONAL,SINGLE,FACEBOOK,5.8,3,4,false,5-30 MIN,16,4.0,8.8,4.7,3.5,true,false,6.4,4.0,6.3,5.6,3.1,6.7,0.8,5.6,0.9,2.1,6.9,LOW
USR00397,31,FEMALE,UNEMPLOYED,IN A RELATIONSHIP,SNAPCHAT,5.7,1,2,true,AFTER 30 MIN,77,5.2,5.8,6.5,5.6,true,false,6.1,5.1,2.8,2.9,4.0,3.7,4.9,8.8,1.5,3.8,7.3,MODERATE
USR00398,29,FEMALE,WORKING PROFESSIONAL,IN A RELATIONSHIP,YOUTUBE,5.6,3,2,false,AFTER 30 MIN,5,7.6,5.4,6.5,0.3,true,true,0.9,5.0,4.3,2.5,8.8,7.3,7.1,2.7,4.6,2.1,6.8,LOW
USR00399,43,FEMALE,UNKNOWN,SINGLE,INSTAGRAM,4.4,2,0,true,WITHIN 5 MIN,56,7.0,5.6,5.6,5.4,false,false,3.4,4.7,4.9,6.5,3.5,6.0,3.2,7.1,5.0,0.2,5.4,HIGH
USR00401,23,FEMALE,STUDENT,MARRIED,YOUTUBE,1.9,7,4,false,5-30 MIN,79,5.4,1.7,4.6,8.7,false,false,4.8,7.3,5.3,5.5,2.0,6.5,5.0,3.6,5.3,4.5,7.2,MODERATE
USR00402,44,FEMALE,WORKING PROFESSIONAL,IN A RELATIONSHIP,TIKTOK,1.1,3,4,false,WITHIN 5 MIN,26,5.0,8.0,4.6,6.5,true,false,6.5,7.0,2.4,4.6,5.6,4.6,6.4,7.9,4.4,1.0,7.4,LOW
USR00403,24,MALE,WORKING PROFESSIONAL,MARRIED,INSTAGRAM,3.6,6,2,false,5-30 MIN,53,6.7,6.3,7.7,1.7,true,true,4.0,3.9,2.3,3.8,3.8,4.7,5.8,5.0,2.4,4.3,6.2,HIGH
USR00405,38,FEMALE,WORKING PROFESSIONAL,IN A RELATIONSHIP,TIKTOK,4.5,4,3,false,WITHIN 5 MIN,37,6.7,4.2,2.5,3.3,true,false,7.5,4.5,6.5,2.8,6.3,6.4,4.3,6.2,2.6,3.9,6.8,MODERATE
USR00406,22,MALE,UNEMPLOYED,SINGLE,YOUTUBE,2.3,4,3,false,WITHIN 5 MIN,65,6.2,2.1,5.6,4.8,true,true,7.7,3.0,4.6,6.0,6.7,6.1,8.1,9.7,2.3,3.2,7.6,LOW
USR00407,29,NON-BINARY,WORKING PROFESSIONAL,SINGLE,YOUTUBE,6.4,5,6,false,AFTER 30 MIN,57,6.3,6.5,5.8,7.7,true,true,4.5,1.1,5.2,7.5,4.2,8.2,3.2,4.6,1.5,2.2,6.2,HIGH
USR00408,21,MALE,WORKING PROFESSIONAL,MARRIED,TIKTOK,2.5,3,3,true,WITHIN 5 MIN,29,8.7,7.6,8.1,3.7,true,true,5.4,3.2,10.0,4.9,4.7,8.4,8.1,7.8,1.7,1.7,3.6,SEVERE
USR00412,32,UNKNOWN,WORKING PROFESSIONAL,SINGLE,YOUTUBE,4.3,1,2,false,5-30 MIN,74,4.2,4.0,5.8,3.2,true,false,3.4,7.8,4.7,2.1,7.3,6.2,6.9,8.3,6.5,7.4,8.2,LOW
USR00414,24,FEMALE,STUDENT,IN A RELATIONSHIP,TWITTER/X,1.1,4,3,false,WITHIN 5 MIN,77,7.2,3.2,4.8,10.0,true,true,5.2,3.5,6.4,4.8,3.4,7.1,4.5,5.2,4.1,5.4,6.3,HIGH
USR00415,18,UNKNOWN,WORKING PROFESSIONAL,SINGLE,TIKTOK,5.4,1,4,false,WITHIN 5 MIN,54,6.1,5.1,4.1,9.2,false,false,6.3,3.7,0.0,6.4,2.8,5.3,5.0,7.6,3.0,0.6,6.5,HIGH
USR00417,35,MALE,STUDENT,IN A RELATIONSHIP,TIKTOK,5.5,1,8,true,5-30 MIN,118,8.0,5.7,4.5,7.6,false,true,4.5,0.0,7.1,5.5,6.4,6.9,6.7,3.0,7.1,6.5,3.5,SEVERE
USR00418,15,FEMALE,STUDENT,MARRIED,TWITTER/X,6.1,5,5,true,WITHIN 5 MIN,92,2.9,9.9,2.7,6.6,true,false,6.8,3.9,4.6,5.5,10.0,5.9,3.6,4.8,2.0,3.1,6.2,MODERATE
USR00420,36,FEMALE,WORKING PROFESSIONAL,IN A RELATIONSHIP,YOUTUBE,8.2,8,5,false,5-30 MIN,47,4.0,5.5,5.5,3.0,false,false,5.4,7.9,4.6,7.3,3.1,7.4,1.6,4.2,5.9,1.8,8.0,LOW
USR00423,15,FEMALE,STUDENT,IN A RELATIONSHIP,TIKTOK,7.2,7,5,true,AFTER 30 MIN,92,2.0,6.5,0.0,8.8,false,false,4.8,6.7,1.4,5.9,2.6,8.3,3.7,4.9,3.4,1.9,4.9,MODERATE
USR00425,16,MALE,WORKING PROFESSIONAL,MARRIED,TWITTER/X,4.2,1,6,false,5-30 MIN,35,5.5,4.3,7.3,6.4,false,false,4.7,7.4,6.7,4.0,5.7,5.2,5.0,5.2,4.1,3.5,6.7,LOW
USR00426,36,FEMALE,STUDENT,SINGLE,INSTAGRAM,4.5,3,5,true,5-30 MIN,5,6.9,6.9,2.2,2.2,false,false,7.2,2.6,4.6,4.1,4.1,7.0,4.4,9.3,4.1,0.9,7.4,MODERATE
USR00427,17,FEMALE,FREELANCER,MARRIED,TIKTOK,2.0,3,3,true,AFTER 30 MIN,121,9.7,6.2,5.0,9.3,false,true,3.1,3.8,0.9,7.4,5.2,8.0,5.8,9.0,4.3,2.2,6.2,HIGH
USR00428,26,FEMALE,WORKING PROFESSIONAL,MARRIED,SNAPCHAT,5.9,2,3,false,AFTER 30 MIN,110,5.3,7.2,2.3,8.7,false,false,3.3,7.6,6.1,5.0,4.1,5.0,4.7,5.4,2.9,5.7,8.2,MODERATE
USR00429,30,MALE,STUDENT,SINGLE,TIKTOK,4.0,4,5,false,5-30 MIN,38,0.6,4.3,7.8,4.6,false,false,5.9,6.9,0.0,5.3,7.9,6.4,2.0,8.4,1.3,0.0,9.6,LOW
USR00430,26,MALE,FREELANCER,IN A RELATIONSHIP,INSTAGRAM,5.4,2,4,true,WITHIN 5 MIN,31,6.2,4.7,5.3,6.3,true,false,6.4,4.8,6.0,7.4,4.6,3.0,3.9,5.4,1.7,3.4,4.8,HIGH
USR00431,19,NON-BINARY,STUDENT,IN A RELATIONSHIP,FACEBOOK,7.2,3,5,false,WITHIN 5 MIN,106,8.5,6.9,8.6,2.8,false,false,7.4,0.0,2.6,3.4,4.0,8.0,3.5,7.1,5.0,3.7,5.5,HIGH
USR00432,23,FEMALE,WORKING PROFESSIONAL,SINGLE,UNKNOWN,6.1,4,8,false,WITHIN 5 MIN,28,5.4,3.2,5.0,4.8,false,true,5.0,2.6,2.9,3.7,4.5,6.6,3.3,1.1,3.4,4.8,6.0,HIGH
USR00433,28,MALE,WORKING PROFESSIONAL,SINGLE,TWITTER/X,5.0,5,7,false,5-30 MIN,52,3.0,9.7,2.0,1.1,false,true,1.9,3.2,4.6,7.2,4.4,5.3,7.0,8.3,5.4,4.8,9.0,LOW
USR00434,26,FEMALE,WORKING PROFESSIONAL,IN A RELATIONSHIP,INSTAGRAM,5.3,4,1,true,AFTER 30 MIN,79,7.0,3.7,4.4,4.5,true,false,7.6,6.2,3.0,4.6,5.5,6.8,2.9,5.4,4.5,3.0,7.2,LOW
USR00436,22,FEMALE,FREELANCER,IN A RELATIONSHIP,TIKTOK,8.0,3,8,true,WITHIN 5 MIN,96,4.8,5.5,6.4,7.0,true,false,7.5,4.9,4.5,6.7,5.8,6.3,5.4,5.0,0.0,3.2,4.0,SEVERE
USR00437,36,FEMALE,WORKING PROFESSIONAL,SINGLE,TWITTER/X,0.6,4,8,true,WITHIN 5 MIN,73,3.4,7.2,4.4,6.5,true,false,7.9,2.2,5.0,3.5,5.0,5.7,3.3,8.2,1.7,0.5,6.1,MODERATE
USR00438,22,MALE,STUDENT,SINGLE,INSTAGRAM,3.6,3,1,true,5-30 MIN,112,4.9,5.5,5.0,4.5,true,false,5.0,0.0,2.3,2.8,6.1,5.4,5.7,3.6,2.7,3.9,6.6,MODERATE
USR00439,36,MALE,WORKING PROFESSIONAL,SINGLE,SNAPCHAT,4.4,1,2,false,5-30 MIN,17,6.2,3.3,1.7,4.1,true,true,5.6,5.0,3.4,5.8,8.4,5.1,5.6,7.4,5.8,0.0,8.2,LOW
USR00442,37,MALE,WORKING PROFESSIONAL,IN A RELATIONSHIP,TIKTOK,4.7,4,4,false,5-30 MIN,5,7.8,6.2,0.0,3.8,true,false,6.0,6.5,4.6,2.8,6.0,5.0,6.0,4.2,1.6,3.5,7.5,LOW
USR00443,28,FEMALE,WORKING PROFESSIONAL,SINGLE,SNAPCHAT,8.5,3,3,false,WITHIN 5 MIN,133,4.6,5.6,2.4,6.5,false,false,3.0,1.1,1.2,5.6,5.4,3.4,4.7,5.3,5.5,4.4,6.6,MODERATE
USR00444,33,FEMALE,WORKING PROFESSIONAL,MARRIED,TWITTER/X,5.1,2,8,true,5-30 MIN,95,3.9,1.7,0.2,5.5,false,false,10.0,5.5,5.1,6.5,5.0,7.6,1.8,3.7,2.5,1.7,7.9,LOW
USR00445,18,FEMALE,STUDENT,MARRIED,TIKTOK,6.3,4,2,false,WITHIN 5 MIN,120,4.5,3.5,4.6,5.0,true,false,3.6,5.3,6.4,3.0,4.7,5.0,2.8,3.4,3.6,0.8,6.3,MODERATE
USR00446,32,NON-BINARY,WORKING PROFESSIONAL,MARRIED,TIKTOK,3.7,6,4,true,AFTER 30 MIN,5,3.8,4.4,6.3,4.6,false,false,5.5,6.6,3.4,4.0,5.2,6.8,2.1,5.3,2.9,1.8,8.4,LOW
USR00447,16,MALE,WORKING PROFESSIONAL,SINGLE,TIKTOK,3.1,7,5,false,5-30 MIN,103,3.7,7.1,6.8,4.9,true,false,3.5,8.8,5.3,3.1,7.1,6.8,3.7,3.8,3.5,5.7,7.3,LOW
USR00449,35,FEMALE,FREELANCER,IN A RELATIONSHIP,TIKTOK,7.5,4,7,false,5-30 MIN,5,3.6,4.6,1.9,6.9,true,false,6.8,6.9,3.9,6.3,6.0,4.7,5.5,9.7,5.6,1.8,7.7,LOW
USR00450,30,FEMALE,STUDENT,IN A RELATIONSHIP,UNKNOWN,2.2,4,3,false,WITHIN 5 MIN,21,5.3,4.4,3.2,6.1,true,false,2.0,2.4,4.3,3.9,4.9,6.9,5.0,6.0,2.4,2.0,8.1,LOW
USR00451,25,MALE,STUDENT,SINGLE,INSTAGRAM,3.5,5,5,true,AFTER 30 MIN,72,0.3,5.8,1.7,3.0,true,false,6.8,8.1,7.0,10.0,5.6,4.8,5.5,2.8,2.9,3.8,8.4,LOW
USR00453,42,FEMALE,FREELANCER,MARRIED,UNKNOWN,5.3,5,5,true,5-30 MIN,71,6.6,5.5,9.3,7.3,false,true,4.3,3.9,4.5,6.0,6.3,8.5,5.4,7.1,5.1,1.5,4.6,SEVERE
USR00454,42,FEMALE,FREELANCER,MARRIED,TWITTER/X,4.6,4,5,true,AFTER 30 MIN,38,5.1,5.5,0.0,3.9,false,true,3.3,5.2,5.2,3.8,9.4,6.3,6.3,6.2,4.3,3.7,8.0,LOW
USR00455,32,MALE,STUDENT,IN A RELATIONSHIP,INSTAGRAM,4.0,3,5,false,AFTER 30 MIN,38,4.8,2.6,2.1,3.4,true,false,4.5,0.4,4.5,5.6,7.4,8.2,3.8,4.6,3.9,2.3,10.0,LOW
USR00456,41,FEMALE,FREELANCER,SINGLE,TWITTER/X,2.1,4,4,true,5-30 MIN,23,4.9,2.2,7.2,7.0,true,false,6.7,6.5,2.8,3.2,7.4,4.6,7.6,7.6,2.6,2.7,7.6,LOW
USR00458,15,MALE,UNEMPLOYED,IN A RELATIONSHIP,INSTAGRAM,6.6,2,3,true,AFTER 30 MIN,19,7.6,6.8,2.8,6.9,true,true,6.6,2.9,2.4,3.7,5.6,6.0,4.9,6.8,3.1,1.4,5.5,HIGH
USR00459,23,FEMALE,WORKING PROFESSIONAL,IN A RELATIONSHIP,SNAPCHAT,2.7,2,0,false,5-30 MIN,64,3.1,6.3,3.0,4.0,true,false,2.0,5.5,5.9,7.4,4.5,7.3,4.4,3.4,0.0,0.2,7.8,LOW
USR00461,39,FEMALE,WORKING PROFESSIONAL,SINGLE,YOUTUBE,8.0,5,4,true,5-30 MIN,49,6.8,4.8,7.5,7.2,false,true,6.8,6.7,5.9,1.2,2.4,6.9,7.9,6.7,3.6,3.3,5.5,SEVERE
USR00463,32,MALE,FREELANCER,IN A RELATIONSHIP,INSTAGRAM,6.1,4,4,true,WITHIN 5 MIN,20,8.2,2.8,4.9,4.7,true,true,8.0,7.8,4.0,5.4,4.6,5.6,5.2,1.4,2.7,3.5,4.2,SEVERE
USR00465,18,NON-BINARY,FREELANCER,SINGLE,FACEBOOK,2.7,5,2,true,5-30 MIN,102,4.4,4.4,2.5,4.7,true,false,6.7,3.1,6.7,1.4,5.0,7.1,4.0,4.4,0.7,3.7,7.3,LOW
USR00466,43,FEMALE,WORKING PROFESSIONAL,MARRIED,TIKTOK,4.4,7,7,true,WITHIN 5 MIN,53,6.8,3.6,4.4,5.0,false,false,2.1,5.2,4.4,5.8,6.2,9.2,3.4,6.1,3.0,1.2,5.5,MODERATE
USR00468,41,MALE,WORKING PROFESSIONAL,SINGLE,INSTAGRAM,0.5,3,1,true,AFTER 30 MIN,63,5.2,7.1,8.8,4.1,true,true,4.5,4.5,7.0,4.4,5.2,5.2,2.3,2.6,0.7,2.9,6.2,HIGH
USR00469,32,MALE,FREELANCER,SINGLE,FACEBOOK,7.2,3,5,true,AFTER 30 MIN,5,5.2,4.7,6.2,7.1,true,true,8.6,1.4,4.8,5.9,6.5,5.4,2.8,8.3,3.4,1.6,6.4,HIGH
USR00470,26,FEMALE,STUDENT,IN A RELATIONSHIP,FACEBOOK,5.8,3,3,false,WITHIN 5 MIN,54,6.0,4.5,9.9,8.0,false,false,2.8,4.3,3.3,6.3,8.8,5.6,5.3,4.7,2.9,1.4,6.4,MODERATE
USR00471,16,MALE,STUDENT,SINGLE,INSTAGRAM,3.9,2,2,true,AFTER 30 MIN,14,7.7,7.6,10.0,6.3,false,true,2.8,3.1,5.6,5.6,6.3,6.8,4.1,4.6,1.7,0.0,6.3,HIGH
USR00474,37,FEMALE,STUDENT,SINGLE,FACEBOOK,1.5,5,9,false,5-30 MIN,6,6.3,2.2,8.0,7.3,false,false,5.2,3.4,3.0,6.5,6.5,6.5,3.0,7.7,0.0,3.1,9.2,LOW
USR00475,31,FEMALE,UNKNOWN,SINGLE,UNKNOWN,3.2,3,3,true,AFTER 30 MIN,109,4.1,6.5,5.8,4.3,true,false,3.5,1.7,2.2,7.1,5.3,6.5,3.7,4.2,6.0,3.0,6.2,MODERATE
USR00476,24,FEMALE,WORKING PROFESSIONAL,MARRIED,TIKTOK,2.9,3,3,false,WITHIN 5 MIN,53,6.4,10.0,4.8,6.1,true,false,0.2,0.6,4.6,4.3,7.8,5.4,5.8,5.3,0.5,1.0,7.0,MODERATE
USR00477,42,MALE,UNEMPLOYED,SINGLE,INSTAGRAM,2.4,3,0,false,AFTER 30 MIN,48,7.6,5.1,6.2,7.7,true,true,6.6,4.0,3.7,6.5,2.1,4.8,6.7,6.4,3.8,2.0,6.6,HIGH
USR00478,34,MALE,STUDENT,IN A RELATIONSHIP,INSTAGRAM,6.7,5,4,true,5-30 MIN,40,5.9,3.9,1.8,5.0,true,true,5.5,6.0,4.6,9.3,2.0,7.3,4.2,6.5,4.4,2.6,5.6,HIGH
USR00479,26,FEMALE,STUDENT,MARRIED,TIKTOK,2.7,2,2,true,AFTER 30 MIN,100,1.6,3.8,5.7,4.9,true,true,4.6,5.7,3.5,2.5,2.8,6.5,7.1,5.1,2.4,2.2,6.9,MODERATE
USR00480,33,MALE,UNEMPLOYED,SINGLE,YOUTUBE,2.2,4,5,false,WITHIN 5 MIN,5,3.3,3.3,5.6,5.2,true,true,4.3,5.0,1.2,8.0,3.5,7.3,4.7,2.0,3.8,3.6,7.8,LOW
USR00481,35,FEMALE,WORKING PROFESSIONAL,MARRIED,TWITTER/X,4.9,4,4,true,WITHIN 5 MIN,144,2.9,5.7,1.4,3.9,true,false,5.8,3.2,3.9,5.0,5.1,8.4,4.3,9.4,2.2,3.2,7.1,LOW
USR00482,17,FEMALE,FREELANCER,SINGLE,UNKNOWN,5.5,3,2,true,5-30 MIN,49,6.7,5.0,7.1,4.5,true,true,3.9,9.6,4.7,4.9,7.6,5.6,3.2,5.8,1.8,3.9,5.3,HIGH
USR00483,30,MALE,STUDENT,MARRIED,TWITTER/X,8.0,1,5,false,5-30 MIN,122,1.6,9.0,3.9,4.4,false,true,3.8,0.8,5.0,4.6,8.8,6.3,7.2,5.4,2.9,2.2,5.1,MODERATE
USR00484,23,MALE,STUDENT,IN A RELATIONSHIP,TIKTOK,5.1,2,3,false,5-30 MIN,5,7.0,3.1,7.2,7.0,false,false,6.3,7.0,5.3,5.3,8.2,6.6,4.3,8.6,0.0,5.4,8.0,LOW
USR00485,41,FEMALE,FREELANCER,IN A RELATIONSHIP,FACEBOOK,1.6,1,2,true,5-30 MIN,88,6.9,1.7,2.8,5.1,true,false,5.6,2.4,5.8,7.3,7.0,4.8,0.0,6.7,0.0,4.4,8.9,LOW
USR00486,35,UNKNOWN,STUDENT,MARRIED,INSTAGRAM,2.6,2,3,false,5-30 MIN,69,7.9,3.3,8.3,3.1,true,true,6.6,1.4,6.0,4.6,7.1,8.3,3.2,5.4,0.9,4.0,7.0,MODERATE
USR00487,40,NON-BINARY,STUDENT,MARRIED,FACEBOOK,6.5,5,3,false,WITHIN 5 MIN,53,7.1,8.0,1.9,5.4,true,true,3.5,8.0,4.4,6.2,5.1,6.2,7.3,2.6,5.5,3.2,5.9,HIGH
USR00488,31,MALE,STUDENT,SINGLE,INSTAGRAM,3.1,3,4,false,5-30 MIN,82,8.9,9.1,5.7,2.7,false,false,7.4,4.5,5.5,5.4,6.3,6.6,5.4,9.5,0.9,0.0,7.0,MODERATE
USR00489,25,MALE,STUDENT,SINGLE,TIKTOK,5.5,3,2,true,WITHIN 5 MIN,26,6.4,6.9,4.2,5.9,false,true,4.1,3.5,3.6,5.0,5.6,6.6,4.5,8.0,2.2,5.1,5.7,HIGH
USR00490,15,FEMALE,STUDENT,MARRIED,INSTAGRAM,8.4,3,2,true,5-30 MIN,55,3.4,5.0,4.4,9.0,false,false,5.2,6.2,5.7,8.3,8.5,7.5,5.0,6.1,3.9,3.1,6.1,HIGH
USR00491,41,MALE,UNKNOWN,SINGLE,TIKTOK,1.4,5,2,true,5-30 MIN,79,5.4,7.2,4.1,6.8,false,false,5.8,3.3,7.2,5.6,5.2,6.1,5.7,3.7,3.0,0.0,6.0,HIGH
USR00492,28,NON-BINARY,STUDENT,IN A RELATIONSHIP,INSTAGRAM,1.4,4,4,false,AFTER 30 MIN,54,9.1,5.0,3.6,6.5,true,true,7.8,3.0,6.7,4.6,7.0,8.1,4.9,6.7,2.6,4.8,7.0,MODERATE
USR00493,17,MALE,WORKING PROFESSIONAL,MARRIED,TWITTER/X,4.1,3,3,false,WITHIN 5 MIN,5,6.2,7.3,5.0,6.0,false,false,5.1,4.7,5.5,6.8,6.7,7.2,8.5,4.6,3.9,4.5,5.7,HIGH
USR00494,37,MALE,WORKING PROFESSIONAL,MARRIED,TIKTOK,4.4,7,2,true,5-30 MIN,5,7.4,2.7,4.3,7.7,true,false,6.0,3.6,5.9,2.8,5.2,7.8,2.1,0.0,1.1,4.1,5.1,SEVERE
USR00497,24,FEMALE,WORKING PROFESSIONAL,MARRIED,YOUTUBE,5.7,4,3,false,AFTER 30 MIN,92,7.4,8.4,0.0,4.2,true,true,2.0,3.7,6.5,7.9,3.2,6.2,6.0,8.9,2.9,2.5,8.2,LOW
USR00498,43,MALE,WORKING PROFESSIONAL,SINGLE,INSTAGRAM,4.0,3,3,false,AFTER 30 MIN,50,8.2,4.2,0.0,5.9,false,true,4.2,7.4,9.2,5.6,8.6,6.8,5.2,5.3,0.4,4.0,7.4,LOW
USR00499,36,MALE,STUDENT,MARRIED,INSTAGRAM,0.9,4,3,false,WITHIN 5 MIN,73,4.2,9.4,1.3,6.8,false,false,5.9,4.5,0.0,7.8,6.4,7.3,4.1,2.3,2.0,3.0,6.7,LOW
USR00502,28,FEMALE,FREELANCER,SINGLE,INSTAGRAM,8.2,5,6,true,5-30 MIN,109,4.9,5.8,0.5,3.0,false,false,5.5,4.5,10.0,7.6,9.4,8.1,7.2,2.9,2.9,3.7,6.3,MODERATE
USR00503,21,MALE,WORKING PROFESSIONAL,SINGLE,TWITTER/X,3.2,3,5,true,WITHIN 5 MIN,134,4.2,8.3,2.2,4.1,false,false,7.2,4.3,0.7,6.1,5.6,6.7,6.3,5.6,3.8,3.0,6.5,HIGH
USR00504,24,MALE,STUDENT,MARRIED,YOUTUBE,6.0,2,8,false,WITHIN 5 MIN,51,9.8,2.9,3.5,6.8,true,true,3.8,5.6,7.6,6.5,4.8,7.8,5.9,8.3,5.9,0.0,5.7,HIGH
USR00505,24,FEMALE,STUDENT,MARRIED,SNAPCHAT,1.7,1,6,true,5-30 MIN,31,1.2,6.5,0.2,7.4,true,true,5.1,1.6,4.3,8.2,7.2,6.5,1.8,7.1,3.4,2.9,8.4,LOW
USR00506,24,NON-BINARY,STUDENT,SINGLE,INSTAGRAM,6.7,5,5,false,5-30 MIN,102,2.1,7.6,5.3,4.9,true,true,6.6,7.6,6.2,5.6,5.5,6.6,1.3,5.4,2.5,0.7,5.5,SEVERE
USR00507,19,MALE,STUDENT,SINGLE,UNKNOWN,4.7,7,3,true,5-30 MIN,61,6.7,5.6,5.5,4.5,false,true,7.6,3.3,7.4,7.8,6.2,6.6,2.0,7.6,4.9,2.3,5.5,SEVERE
USR00508,23,NON-BINARY,WORKING PROFESSIONAL,UNKNOWN,TIKTOK,7.8,3,5,true,5-30 MIN,55,3.2,4.1,1.7,7.3,true,false,0.0,4.5,6.6,3.7,4.7,6.1,8.5,5.2,0.0,0.6,5.7,MODERATE
USR00509,27,MALE,WORKING PROFESSIONAL,SINGLE,INSTAGRAM,1.7,4,7,true,5-30 MIN,48,2.7,6.4,7.7,4.2,true,false,3.8,4.0,5.8,4.2,9.0,7.1,3.2,6.0,4.3,1.4,8.4,LOW
USR00511,19,NON-BINARY,WORKING PROFESSIONAL,SINGLE,YOUTUBE,0.9,6,5,true,5-30 MIN,16,9.0,3.4,5.8,6.4,true,false,4.3,2.9,5.2,3.3,1.7,6.9,6.8,2.0,2.9,1.8,5.5,HIGH
USR00512,37,FEMALE,WORKING PROFESSIONAL,MARRIED,SNAPCHAT,8.2,2,5,false,WITHIN 5 MIN,70,0.7,9.2,5.2,4.3,false,false,10.0,4.2,5.7,3.8,3.4,4.5,1.3,6.1,3.2,3.3,6.1,HIGH
USR00513,20,FEMALE,FREELANCER,MARRIED,YOUTUBE,3.5,3,6,true,5-30 MIN,112,6.1,2.1,2.6,8.6,true,false,7.6,3.4,4.5,6.8,8.3,6.9,4.5,5.6,2.7,2.4,7.5,LOW
USR00515,30,FEMALE,UNEMPLOYED,SINGLE,SNAPCHAT,2.9,5,6,false,5-30 MIN,42,2.7,5.1,1.8,8.4,false,true,5.2,3.3,5.6,7.2,8.2,5.9,8.9,5.2,6.0,4.8,7.5,LOW
USR00516,18,FEMALE,WORKING PROFESSIONAL,SINGLE,FACEBOOK,6.2,4,5,true,5-30 MIN,55,5.3,5.0,5.4,5.8,false,false,9.4,1.0,3.0,6.2,2.1,4.2,3.9,8.2,2.2,5.4,5.3,SEVERE
USR00517,20,FEMALE,FREELANCER,IN A RELATIONSHIP,SNAPCHAT,5.8,1,9,false,WITHIN 5 MIN,20,2.3,6.2,4.0,6.0,false,true,5.6,0.0,6.2,10.0,6.0,8.0,2.5,6.4,2.8,6.3,7.8,LOW
USR00518,33,FEMALE,UNKNOWN,SINGLE,INSTAGRAM,5.4,1,5,false,AFTER 30 MIN,27,7.7,3.0,7.5,9.8,false,false,8.9,2.0,5.5,5.0,8.9,8.0,5.0,8.2,2.8,6.0,7.0,MODERATE
USR00520,29,FEMALE,STUDENT,SINGLE,INSTAGRAM,4.1,5,6,true,WITHIN 5 MIN,67,8.5,1.9,1.7,7.2,false,true,9.5,1.4,2.5,1.1,4.3,9.3,4.3,7.7,1.8,3.4,4.6,SEVERE
USR00521,29,FEMALE,WORKING PROFESSIONAL,SINGLE,YOUTUBE,0.5,3,2,false,AFTER 30 MIN,55,4.7,5.5,6.1,6.0,false,false,6.9,5.2,3.3,7.4,3.3,7.1,6.0,6.0,4.4,3.6,8.0,LOW
USR00523,34,MALE,WORKING PROFESSIONAL,MARRIED,TIKTOK,5.7,5,5,false,AFTER 30 MIN,61,7.9,4.9,5.2,3.4,true,true,1.2,3.5,6.5,4.6,3.0,6.2,5.0,0.0,0.1,2.3,4.0,SEVERE
USR00524,33,UNKNOWN,UNKNOWN,SINGLE,INSTAGRAM,6.3,1,3,false,WITHIN 5 MIN,67,6.1,3.3,1.7,5.5,false,false,4.0,6.9,7.5,6.3,4.8,7.8,4.2,4.7,4.9,6.6,7.2,MODERATE
USR00526,20,FEMALE,WORKING PROFESSIONAL,IN A RELATIONSHIP,TWITTER/X,0.6,3,3,true,WITHIN 5 MIN,18,4.6,7.4,6.7,5.9,false,false,1.0,3.3,6.0,2.9,4.3,7.2,2.3,4.1,5.2,0.0,7.3,MODERATE
USR00527,40,MALE,UNKNOWN,UNKNOWN,YOUTUBE,2.4,6,4,false,WITHIN 5 MIN,11,7.0,5.9,1.6,3.7,true,false,5.2,2.2,2.9,7.3,5.4,6.1,2.5,8.2,4.3,0.9,7.7,LOW
USR00529,38,MALE,WORKING PROFESSIONAL,MARRIED,INSTAGRAM,7.8,1,1,false,WITHIN 5 MIN,21,4.2,4.9,5.8,5.0,true,true,7.3,4.7,5.2,4.9,5.5,5.0,3.6,4.3,0.9,4.1,5.5,HIGH
USR00530,20,MALE,UNKNOWN,SINGLE,TWITTER/X,3.1,2,7,false,WITHIN 5 MIN,126,8.4,6.8,5.3,1.3,false,false,8.5,2.5,5.9,5.2,5.1,3.8,3.5,3.0,2.5,3.2,5.8,HIGH
USR00531,39,FEMALE,WORKING PROFESSIONAL,MARRIED,INSTAGRAM,1.4,2,3,true,WITHIN 5 MIN,63,6.9,5.1,7.2,5.0,false,true,3.9,0.8,0.1,7.9,7.4,6.1,2.6,5.7,1.3,5.1,6.9,MODERATE
USR00532,26,MALE,STUDENT,UNKNOWN,TIKTOK,2.0,2,4,true,WITHIN 5 MIN,107,4.9,2.9,5.9,2.7,true,false,2.9,3.3,6.3,4.2,6.5,7.5,1.9,4.2,1.7,3.4,6.2,MODERATE
USR00533,41,FEMALE,STUDENT,SINGLE,INSTAGRAM,2.6,3,3,true,AFTER 30 MIN,94,4.6,4.3,4.6,4.0,false,true,7.8,5.1,4.3,3.8,7.4,6.5,8.7,8.8,0.8,0.5,6.3,MODERATE
USR00534,36,MALE,FREELANCER,SINGLE,INSTAGRAM,3.3,2,3,false,AFTER 30 MIN,59,5.4,8.5,6.6,8.1,true,true,3.9,0.0,4.7,7.7,1.8,5.7,6.7,6.6,3.0,2.2,5.0,HIGH
USR00536,31,MALE,FREELANCER,MARRIED,FACEBOOK,8.7,2,5,true,AFTER 30 MIN,71,5.3,2.7,5.7,4.7,false,true,8.2,1.3,1.8,6.8,4.3,4.4,4.2,1.9,4.6,2.6,7.6,MODERATE
USR00537,24,MALE,STUDENT,IN A RELATIONSHIP,TIKTOK,3.2,3,6,false,WITHIN 5 MIN,73,3.8,4.9,1.2,6.8,true,false,3.5,4.6,5.2,8.8,8.9,5.7,5.2,7.4,3.9,3.8,9.2,LOW
USR00538,34,FEMALE,STUDENT,MARRIED,FACEBOOK,0.5,5,5,false,WITHIN 5 MIN,66,5.1,10.0,2.9,2.8,false,false,4.0,6.8,6.0,3.8,5.9,7.7,5.4,7.8,2.3,1.5,7.6,LOW
USR00539,17,MALE,STUDENT,IN A RELATIONSHIP,TIKTOK,6.6,1,4,true,WITHIN 5 MIN,65,5.5,8.4,6.7,8.0,false,false,6.1,0.0,3.3,1.5,7.1,6.2,8.5,3.6,2.2,2.3,3.6,SEVERE
USR00540,33,MALE,FREELANCER,SINGLE,TIKTOK,2.8,4,1,false,5-30 MIN,34,4.2,6.8,6.6,2.1,true,false,2.4,4.5,2.5,5.6,7.9,8.1,7.2,6.1,4.5,0.0,7.3,LOW
USR00541,25,FEMALE,WORKING PROFESSIONAL,SINGLE,YOUTUBE,4.4,1,6,false,WITHIN 5 MIN,60,4.0,5.3,5.6,10.0,true,true,7.8,3.2,5.4,5.9,6.4,6.6,9.5,6.5,5.1,3.6,5.5,HIGH
USR00542,19,MALE,WORKING PROFESSIONAL,IN A RELATIONSHIP,SNAPCHAT,3.2,3,4,true,5-30 MIN,17,2.2,6.3,6.7,5.0,true,false,1.9,7.2,5.4,2.7,6.1,6.7,6.3,5.4,3.0,3.1,8.1,LOW
USR00543,18,NON-BINARY,STUDENT,IN A RELATIONSHIP,TWITTER/X,4.4,2,2,true,WITHIN 5 MIN,69,6.7,7.2,5.0,6.6,true,false,6.6,3.2,2.7,5.8,5.3,6.6,5.1,4.4,3.0,5.6,5.4,HIGH
USR00544,19,MALE,WORKING PROFESSIONAL,IN A RELATIONSHIP,YOUTUBE,4.7,1,3,false,5-30 MIN,53,5.3,3.1,6.5,5.7,true,false,4.2,0.7,5.8,6.4,5.2,6.1,3.4,7.5,2.4,1.5,8.0,LOW
USR00546,22,MALE,FREELANCER,IN A RELATIONSHIP,INSTAGRAM,3.7,6,4,false,WITHIN 5 MIN,61,5.3,1.5,4.5,3.6,false,true,8.2,5.4,4.8,5.1,8.2,5.9,6.3,10.0,2.9,4.0,6.3,MODERATE
USR00547,25,NON-BINARY,WORKING PROFESSIONAL,MARRIED,YOUTUBE,4.6,5,5,false,5-30 MIN,136,5.8,6.8,6.3,8.1,true,true,3.8,6.7,5.0,10.0,5.6,6.9,5.4,4.0,3.1,3.2,5.5,HIGH
USR00549,31,MALE,WORKING PROFESSIONAL,SINGLE,YOUTUBE,2.2,3,4,true,WITHIN 5 MIN,5,7.4,9.6,7.8,5.6,true,false,4.8,6.2,3.3,4.3,5.2,7.9,5.7,6.7,1.5,2.2,5.3,HIGH
USR00550,17,MALE,WORKING PROFESSIONAL,IN A RELATIONSHIP,UNKNOWN,3.2,5,6,true,5-30 MIN,74,6.4,4.9,9.1,5.0,true,true,8.9,5.9,7.8,5.7,3.2,4.1,3.2,7.5,0.0,4.4,4.3,SEVERE
USR00551,22,FEMALE,STUDENT,MARRIED,YOUTUBE,3.5,2,5,false,AFTER 30 MIN,43,3.9,9.6,3.1,10.0,true,true,4.7,4.4,3.4,3.7,5.6,5.1,7.3,5.7,5.1,4.5,6.7,MODERATE
USR00552,39,MALE,WORKING PROFESSIONAL,MARRIED,UNKNOWN,0.8,2,1,true,AFTER 30 MIN,81,5.6,5.5,7.2,6.9,true,true,8.6,8.7,0.2,6.4,7.5,8.8,3.2,4.8,0.2,4.0,6.8,MODERATE
USR00553,25,MALE,WORKING PROFESSIONAL,SINGLE,TIKTOK,1.9,4,2,false,WITHIN 5 MIN,76,3.9,8.4,6.1,4.2,true,true,6.0,5.8,4.3,7.5,6.8,5.9,5.1,7.7,3.5,3.3,5.8,MODERATE
USR00554,23,FEMALE,WORKING PROFESSIONAL,IN A RELATIONSHIP,TWITTER/X,7.1,1,6,true,WITHIN 5 MIN,64,5.5,3.0,3.3,3.4,true,false,5.8,2.7,5.6,3.5,3.8,5.6,6.8,4.5,0.6,2.4,6.7,HIGH
USR00555,44,MALE,WORKING PROFESSIONAL,IN A RELATIONSHIP,TWITTER/X,6.9,3,3,true,5-30 MIN,71,6.0,4.5,3.4,3.1,false,false,2.1,5.3,2.7,8.2,6.0,6.3,7.0,5.4,1.4,0.9,7.7,LOW
USR00556,19,FEMALE,FREELANCER,SINGLE,YOUTUBE,7.9,1,4,false,WITHIN 5 MIN,66,4.1,3.0,4.6,4.2,false,false,4.2,7.0,5.6,4.8,8.3,7.5,1.7,8.4,1.6,0.0,8.4,LOW
USR00557,15,MALE,WORKING PROFESSIONAL,SINGLE,TIKTOK,6.9,4,3,true,5-30 MIN,38,3.8,5.5,5.5,4.8,true,false,2.8,6.1,5.1,5.0,6.5,6.6,4.3,3.5,5.5,2.9,7.3,MODERATE
USR00558,35,MALE,WORKING PROFESSIONAL,MARRIED,TIKTOK,6.3,3,7,true,5-30 MIN,5,4.9,3.9,4.7,6.8,false,false,5.7,7.6,3.9,7.4,6.1,6.7,3.0,4.6,1.4,4.5,7.3,MODERATE
USR00559,32,NON-BINARY,WORKING PROFESSIONAL,SINGLE,INSTAGRAM,8.1,3,5,true,5-30 MIN,61,4.6,8.6,5.9,7.5,false,false,3.6,4.7,3.6,3.1,7.1,5.9,7.6,5.0,1.3,3.4,4.4,SEVERE
USR00560,38,MALE,WORKING PROFESSIONAL,IN A RELATIONSHIP,YOUTUBE,5.8,4,5,true,AFTER 30 MIN,80,6.4,5.5,5.8,5.3,false,true,5.3,4.6,6.5,5.6,6.2,5.0,5.6,7.3,2.6,0.0,5.3,SEVERE
USR00561,35,MALE,WORKING PROFESSIONAL,IN A RELATIONSHIP,YOUTUBE,3.8,8,4,true,5-30 MIN,65,2.4,5.1,7.3,6.3,true,false,4.2,4.1,1.7,6.0,5.2,5.9,1.1,4.8,4.1,2.3,7.0,MODERATE
USR00562,43,FEMALE,FREELANCER,SINGLE,TIKTOK,3.8,3,4,true,WITHIN 5 MIN,25,7.2,5.3,3.0,7.9,false,false,9.7,1.7,2.9,7.7,5.8,5.9,0.6,8.9,5.1,3.1,6.7,MODERATE
USR00563,44,FEMALE,WORKING PROFESSIONAL,MARRIED,YOUTUBE,5.1,1,4,true,AFTER 30 MIN,11,8.0,6.5,5.0,6.5,true,true,2.1,5.7,1.9,8.4,5.0,5.9,5.0,4.5,6.9,3.1,7.9,MODERATE
USR00564,40,MALE,STUDENT,UNKNOWN,YOUTUBE,5.4,5,6,true,WITHIN 5 MIN,37,5.5,7.4,1.6,5.7,true,false,6.1,8.4,3.2,5.6,8.4,7.4,5.0,4.7,1.3,0.9,5.6,HIGH
USR00565,31,MALE,UNKNOWN,IN A RELATIONSHIP,TWITTER/X,4.2,4,1,false,WITHIN 5 MIN,111,5.7,5.6,5.0,6.3,false,false,6.1,4.7,4.3,4.9,4.0,9.6,4.8,5.9,3.5,2.6,7.0,MODERATE
USR00566,32,NON-BINARY,WORKING PROFESSIONAL,MARRIED,INSTAGRAM,3.7,2,4,false,5-30 MIN,105,5.2,2.8,5.6,4.1,true,true,4.8,4.3,3.6,4.7,5.6,8.7,2.2,4.5,2.9,3.5,7.3,LOW
USR00567,31,MALE,WORKING PROFESSIONAL,SINGLE,TIKTOK,4.4,5,3,false,WITHIN 5 MIN,14,7.4,6.8,5.0,3.5,true,false,3.8,4.2,5.7,1.9,0.1,4.4,6.5,5.8,4.5,3.9,4.8,SEVERE
USR00568,25,FEMALE,FREELANCER,IN A RELATIONSHIP,SNAPCHAT,2.8,2,2,true,WITHIN 5 MIN,22,5.8,2.8,8.8,5.6,true,false,1.1,5.9,7.2,7.5,3.3,6.9,7.6,5.5,2.9,0.0,6.5,HIGH
USR00569,37,FEMALE,UNEMPLOYED,IN A RELATIONSHIP,INSTAGRAM,9.2,3,4,false,5-30 MIN,98,3.8,4.8,5.5,4.0,false,false,3.2,3.2,5.6,4.6,6.3,7.0,0.4,3.7,4.0,2.7,7.3,MODERATE
USR00571,15,MALE,WORKING PROFESSIONAL,SINGLE,TIKTOK,0.5,3,6,false,WITHIN 5 MIN,63,8.0,7.6,7.3,3.2,true,true,4.1,3.5,2.0,2.1,7.2,6.8,7.5,4.4,3.7,3.1,5.0,SEVERE
USR00573,35,UNKNOWN,FREELANCER,IN A RELATIONSHIP,TIKTOK,2.7,1,6,true,5-30 MIN,20,2.8,4.8,10.0,6.9,false,false,4.4,4.5,8.7,7.1,5.9,7.3,7.5,5.8,5.5,2.9,6.4,MODERATE
USR00574,30,UNKNOWN,STUDENT,UNKNOWN,TWITTER/X,4.0,6,3,false,5-30 MIN,53,7.4,5.8,10.0,6.9,false,false,1.4,4.6,3.7,5.1,6.2,10.0,5.1,5.4,2.3,0.0,6.1,HIGH
USR00575,35,FEMALE,STUDENT,SINGLE,TIKTOK,4.4,3,5,false,WITHIN 5 MIN,97,4.9,3.7,4.5,5.4,false,true,5.5,8.3,7.8,6.2,8.0,6.7,5.7,2.7,3.6,4.7,5.5,HIGH
USR00576,32,FEMALE,STUDENT,IN A RELATIONSHIP,TWITTER/X,6.4,2,4,true,5-30 MIN,60,8.3,6.0,0.8,4.8,true,false,9.3,3.1,4.9,6.7,3.9,7.5,4.6,4.6,0.9,4.1,6.1,MODERATE
USR00577,25,FEMALE,WORKING PROFESSIONAL,IN A RELATIONSHIP,INSTAGRAM,4.4,5,4,false,WITHIN 5 MIN,64,2.8,4.5,9.1,6.9,true,false,6.8,6.0,4.8,3.4,5.1,7.5,7.1,3.6,4.7,2.5,5.3,HIGH
USR00579,15,MALE,STUDENT,SINGLE,FACEBOOK,4.2,3,4,false,WITHIN 5 MIN,5,8.9,7.4,9.7,5.3,true,true,3.1,1.5,9.8,5.5,7.5,9.4,5.0,6.3,4.7,2.5,5.7,HIGH
USR00580,17,FEMALE,STUDENT,SINGLE,TWITTER/X,9.4,3,6,true,5-30 MIN,29,4.2,4.0,4.5,6.5,false,true,2.8,1.4,0.0,4.1,6.5,6.1,5.0,2.7,2.5,3.5,7.0,MODERATE
USR00581,18,MALE,STUDENT,IN A RELATIONSHIP,YOUTUBE,4.4,2,3,true,AFTER 30 MIN,5,3.8,4.5,4.0,5.8,false,false,4.2,4.2,4.3,5.2,2.9,5.1,6.7,5.0,5.8,4.7,8.5,LOW
USR00583,37,MALE,STUDENT,SINGLE,INSTAGRAM,1.7,4,4,false,WITHIN 5 MIN,48,5.4,9.2,6.1,5.9,false,false,8.8,7.3,3.4,4.1,3.7,7.6,4.8,6.3,3.1,2.2,5.2,HIGH
USR00584,43,MALE,STUDENT,IN A RELATIONSHIP,TIKTOK,4.5,4,0,true,AFTER 30 MIN,48,3.0,5.2,6.4,6.0,true,true,1.8,3.5,4.4,6.7,6.9,5.5,3.7,2.5,2.9,5.6,8.0,LOW
USR00585,24,MALE,STUDENT,SINGLE,SNAPCHAT,3.5,3,0,false,WITHIN 5 MIN,30,8.9,6.0,3.3,1.6,false,false,7.0,6.6,4.7,3.5,10.0,4.3,8.3,4.3,3.4,2.5,6.7,MODERATE
USR00587,36,FEMALE,STUDENT,UNKNOWN,YOUTUBE,5.4,3,2,false,AFTER 30 MIN,54,5.3,5.7,4.6,7.1,true,false,7.3,6.0,2.8,7.7,5.5,7.7,1.4,7.0,1.5,6.2,8.1,LOW
USR00590,39,MALE,STUDENT,IN A RELATIONSHIP,TWITTER/X,3.0,2,6,true,WITHIN 5 MIN,107,6.5,5.1,5.0,6.8,false,false,5.2,4.0,1.5,6.9,8.5,7.3,5.7,5.0,4.2,3.0,7.1,MODERATE
USR00591,43,NON-BINARY,WORKING PROFESSIONAL,SINGLE,YOUTUBE,3.0,2,6,true,WITHIN 5 MIN,43,0.6,6.3,3.7,5.2,true,false,7.8,0.0,3.1,5.6,3.5,6.3,4.0,6.1,1.9,3.2,7.2,LOW
USR00592,37,MALE,STUDENT,IN A RELATIONSHIP,TIKTOK,4.4,7,2,false,5-30 MIN,5,5.8,4.3,7.0,8.6,false,false,5.2,4.5,7.7,3.7,6.1,7.9,7.8,2.2,3.4,3.3,6.1,MODERATE
USR00593,38,FEMALE,UNEMPLOYED,SINGLE,TIKTOK,4.0,3,7,true,5-30 MIN,26,2.6,2.8,2.5,9.6,false,false,5.6,7.6,3.3,5.7,3.4,5.8,7.0,6.3,2.7,1.9,7.5,MODERATE
USR00594,43,NON-BINARY,STUDENT,SINGLE,TWITTER/X,3.0,3,5,true,WITHIN 5 MIN,49,4.3,5.8,5.8,2.2,true,true,4.2,2.0,6.2,7.3,2.3,6.8,4.1,3.5,7.3,3.2,6.2,HIGH
USR00596,26,FEMALE,UNEMPLOYED,SINGLE,INSTAGRAM,3.7,3,4,true,5-30 MIN,58,6.1,8.7,4.7,2.8,true,false,6.3,5.7,6.7,5.6,4.8,8.7,6.6,6.2,2.8,7.8,7.0,MODERATE
USR00597,39,FEMALE,STUDENT,MARRIED,FACEBOOK,1.7,6,5,false,AFTER 30 MIN,140,9.4,6.1,5.0,4.1,true,false,4.6,5.2,4.6,5.6,5.2,7.7,6.0,9.0,2.9,2.1,8.1,LOW
USR00598,26,FEMALE,STUDENT,MARRIED,YOUTUBE,4.4,4,2,false,AFTER 30 MIN,45,7.8,10.0,5.0,5.3,true,false,3.9,0.1,2.4,4.1,5.1,4.6,5.1,2.5,3.7,3.7,7.3,MODERATE
USR00599,36,MALE,WORKING PROFESSIONAL,IN A RELATIONSHIP,INSTAGRAM,5.8,1,5,true,AFTER 30 MIN,20,6.9,5.7,5.3,5.3,true,true,3.5,4.4,0.9,6.3,3.8,5.7,2.8,3.5,4.5,1.4,8.1,LOW
USR00600,37,MALE,UNKNOWN,SINGLE,TWITTER/X,3.7,2,3,true,5-30 MIN,122,3.7,4.9,0.9,5.2,true,false,5.5,6.3,4.2,8.8,4.4,6.7,4.4,5.9,4.3,4.2,8.9,LOW
USR00601,43,MALE,STUDENT,SINGLE,TIKTOK,5.1,3,3,false,WITHIN 5 MIN,39,3.4,4.2,6.4,6.4,true,true,5.0,7.8,4.6,4.2,6.4,6.3,6.4,9.4,3.8,2.6,6.2,MODERATE
USR00602,19,MALE,WORKING PROFESSIONAL,MARRIED,INSTAGRAM,2.5,1,8,true,WITHIN 5 MIN,21,6.4,5.1,6.9,6.2,true,false,8.4,3.5,5.8,5.4,8.5,4.6,1.9,6.0,6.6,4.8,7.8,MODERATE
USR00603,17,FEMALE,FREELANCER,IN A RELATIONSHIP,FACEBOOK,4.7,7,2,true,AFTER 30 MIN,5,2.3,6.6,5.2,7.2,true,false,5.0,5.7,3.1,7.4,6.6,7.2,5.9,7.3,4.6,4.3,9.2,LOW
USR00604,44,FEMALE,WORKING PROFESSIONAL,MARRIED,YOUTUBE,1.3,2,3,false,5-30 MIN,87,3.9,6.2,3.5,7.7,true,false,2.6,7.2,5.5,5.0,10.0,7.8,8.0,0.7,6.1,1.3,7.7,LOW
USR00605,22,MALE,STUDENT,SINGLE,YOUTUBE,4.4,3,3,false,WITHIN 5 MIN,61,2.0,6.0,3.5,5.6,true,true,5.2,2.6,5.7,5.6,7.5,6.5,5.5,2.5,1.1,5.0,7.5,LOW
USR00606,24,FEMALE,WORKING PROFESSIONAL,IN A RELATIONSHIP,INSTAGRAM,4.7,3,3,true,WITHIN 5 MIN,52,8.8,1.0,6.0,5.5,true,true,5.0,8.6,5.1,8.8,7.9,7.4,3.1,7.3,3.1,3.5,5.8,HIGH
USR00607,37,FEMALE,UNEMPLOYED,SINGLE,TIKTOK,3.7,3,2,false,WITHIN 5 MIN,49,8.5,5.8,0.8,4.9,false,true,4.7,7.0,4.3,6.1,4.0,7.0,4.5,1.4,4.7,1.5,5.6,HIGH
USR00608,25,FEMALE,STUDENT,MARRIED,TIKTOK,6.1,3,5,false,WITHIN 5 MIN,27,2.7,4.6,8.5,4.6,true,false,4.4,1.2,2.0,5.6,1.5,8.5,5.2,2.8,2.4,3.0,5.7,HIGH
USR00609,41,MALE,WORKING PROFESSIONAL,MARRIED,YOUTUBE,2.8,4,4,true,AFTER 30 MIN,73,5.6,4.3,5.4,3.5,false,false,3.7,6.8,4.2,5.7,4.5,7.0,5.3,7.8,3.1,5.0,8.5,LOW
USR00610,23,FEMALE,WORKING PROFESSIONAL,IN A RELATIONSHIP,FACEBOOK,4.8,2,4,true,WITHIN 5 MIN,76,8.6,2.8,10.0,5.0,false,true,4.2,5.3,3.2,7.0,2.9,7.8,7.6,10.0,1.9,5.4,4.5,HIGH
USR00611,21,MALE,WORKING PROFESSIONAL,IN A RELATIONSHIP,TIKTOK,5.7,1,3,true,WITHIN 5 MIN,48,3.3,5.7,7.3,1.9,false,true,4.2,5.6,4.7,5.6,5.1,6.0,5.1,1.9,5.4,3.0,4.9,HIGH
USR00612,41,MALE,UNKNOWN,MARRIED,TIKTOK,5.6,6,4,false,WITHIN 5 MIN,68,6.1,4.1,3.2,6.6,false,false,4.4,2.7,4.4,3.3,5.8,3.5,5.0,5.1,0.2,3.0,5.9,HIGH
USR00613,32,FEMALE,STUDENT,SINGLE,YOUTUBE,4.4,8,4,true,WITHIN 5 MIN,88,7.1,5.7,5.4,6.8,true,true,6.2,3.9,3.2,3.5,2.4,4.1,2.1,3.0,7.2,2.0,5.0,SEVERE
USR00614,31,FEMALE,STUDENT,MARRIED,YOUTUBE,8.0,3,4,false,WITHIN 5 MIN,40,7.8,6.8,3.9,2.9,false,true,5.8,5.6,5.5,4.4,5.6,9.2,5.0,6.2,3.8,1.8,5.0,SEVERE
USR00615,22,FEMALE,FREELANCER,SINGLE,INSTAGRAM,6.2,2,6,true,WITHIN 5 MIN,46,5.4,4.7,8.3,7.5,false,false,7.7,0.0,5.4,4.0,6.0,5.9,4.3,4.5,2.7,4.9,4.8,SEVERE
USR00616,37,NON-BINARY,STUDENT,SINGLE,TWITTER/X,5.9,1,4,true,WITHIN 5 MIN,65,5.2,4.7,3.0,7.2,false,true,8.6,7.9,6.8,7.2,8.0,9.1,4.8,6.7,2.2,0.9,6.2,HIGH
USR00617,39,MALE,STUDENT,IN A RELATIONSHIP,FACEBOOK,3.0,1,2,true,5-30 MIN,70,4.6,5.1,3.4,4.1,true,false,5.0,5.7,3.6,4.3,6.4,9.2,4.4,3.3,4.2,3.4,9.0,LOW
USR00620,29,FEMALE,STUDENT,MARRIED,TWITTER/X,8.8,4,7,true,5-30 MIN,18,6.4,6.4,2.2,7.6,true,false,6.6,3.7,4.8,4.5,9.4,7.1,6.7,2.8,2.8,4.7,5.2,HIGH
USR00622,31,FEMALE,STUDENT,IN A RELATIONSHIP,TIKTOK,2.9,5,6,true,WITHIN 5 MIN,95,9.3,5.2,8.3,6.0,true,true,7.6,4.7,3.3,6.7,8.8,8.0,5.8,5.3,1.9,4.3,3.2,SEVERE
USR00623,38,FEMALE,WORKING PROFESSIONAL,SINGLE,YOUTUBE,6.3,2,3,true,WITHIN 5 MIN,55,4.3,3.6,1.3,4.1,true,true,4.7,6.9,1.4,7.9,7.1,7.1,6.7,3.1,2.0,3.1,7.4,MODERATE
USR00624,29,FEMALE,WORKING PROFESSIONAL,IN A RELATIONSHIP,TIKTOK,6.8,4,6,true,5-30 MIN,37,7.6,5.9,1.6,5.9,true,true,3.2,3.3,3.3,7.1,7.7,4.5,5.6,3.4,1.4,4.9,5.8,HIGH
USR00625,43,MALE,STUDENT,MARRIED,TWITTER/X,3.3,1,5,false,WITHIN 5 MIN,53,6.9,6.4,5.8,4.9,true,false,1.4,1.0,6.7,8.4,3.7,4.8,4.0,4.4,3.0,5.1,7.0,LOW
USR00626,27,FEMALE,STUDENT,IN A RELATIONSHIP,YOUTUBE,4.9,6,3,true,AFTER 30 MIN,88,5.1,6.7,5.6,5.3,false,false,2.0,3.1,7.1,4.0,7.8,5.0,5.0,5.8,5.7,1.0,7.2,LOW
USR00627,19,FEMALE,FREELANCER,UNKNOWN,YOUTUBE,9.8,1,2,true,WITHIN 5 MIN,35,3.9,3.3,5.9,6.9,true,false,5.7,4.2,3.6,6.3,5.4,5.2,3.8,4.7,3.9,3.3,6.6,HIGH
USR00628,31,FEMALE,WORKING PROFESSIONAL,SINGLE,TIKTOK,4.6,3,4,true,WITHIN 5 MIN,98,7.7,4.2,8.0,5.1,true,false,4.7,0.4,3.4,3.1,5.7,6.8,2.6,2.3,2.2,4.9,6.6,HIGH
USR00631,36,MALE,WORKING PROFESSIONAL,MARRIED,INSTAGRAM,4.5,2,4,true,5-30 MIN,104,5.2,2.0,6.3,3.6,true,true,6.2,4.5,3.1,5.6,6.5,7.2,3.6,2.8,2.2,1.7,5.5,HIGH
USR00632,42,FEMALE,FREELANCER,SINGLE,INSTAGRAM,2.0,6,2,false,WITHIN 5 MIN,34,5.4,10.0,4.5,2.6,true,true,3.2,2.0,4.2,3.7,3.8,8.6,6.7,3.4,4.2,5.1,5.6,SEVERE
USR00633,15,MALE,STUDENT,UNKNOWN,INSTAGRAM,2.5,4,2,true,AFTER 30 MIN,109,4.5,6.4,0.4,7.8,false,false,3.5,4.7,3.8,0.9,1.9,7.4,7.5,2.6,1.6,3.0,6.5,MODERATE
USR00634,43,FEMALE,UNEMPLOYED,MARRIED,TIKTOK,4.8,6,0,true,5-30 MIN,9,4.9,4.4,3.8,7.1,true,true,6.5,7.7,1.8,2.7,4.0,5.7,2.8,2.5,4.1,1.7,5.3,SEVERE
USR00635,22,MALE,STUDENT,IN A RELATIONSHIP,YOUTUBE,6.2,1,5,false,5-30 MIN,76,6.6,8.2,7.4,7.0,true,false,7.7,2.6,4.6,6.0,3.6,5.7,1.4,2.9,3.6,5.7,5.1,HIGH
USR00636,26,MALE,WORKING PROFESSIONAL,MARRIED,TWITTER/X,2.6,2,5,true,5-30 MIN,5,1.6,4.7,2.2,0.8,true,true,2.3,2.1,1.1,3.8,4.4,4.3,5.5,3.7,0.0,0.0,7.2,LOW
USR00637,41,FEMALE,WORKING PROFESSIONAL,MARRIED,TWITTER/X,0.5,4,3,true,WITHIN 5 MIN,37,6.1,2.0,5.0,9.7,false,true,8.8,7.5,5.3,5.6,5.8,8.4,7.2,3.1,5.3,3.7,5.5,HIGH
USR00638,20,MALE,WORKING PROFESSIONAL,SINGLE,TWITTER/X,5.7,3,3,true,WITHIN 5 MIN,39,9.8,5.4,5.1,4.7,true,false,3.4,1.6,3.5,5.5,4.2,8.6,7.4,3.1,2.1,4.3,5.5,HIGH
USR00641,36,NON-BINARY,WORKING PROFESSIONAL,SINGLE,INSTAGRAM,2.6,4,7,true,5-30 MIN,77,4.4,3.9,0.9,6.9,true,true,8.5,5.3,5.4,9.3,6.3,6.1,0.0,9.2,3.7,4.8,8.1,LOW
USR00642,40,FEMALE,FREELANCER,SINGLE,YOUTUBE,6.9,5,1,false,5-30 MIN,84,1.6,7.7,4.0,6.0,false,false,5.4,5.5,5.0,3.8,4.6,7.9,3.3,5.4,3.3,1.2,7.5,LOW
USR00645,40,NON-BINARY,WORKING PROFESSIONAL,SINGLE,YOUTUBE,2.4,1,6,true,AFTER 30 MIN,81,3.7,6.1,5.3,5.0,false,true,5.1,6.1,6.9,4.6,8.3,5.2,5.0,6.8,4.3,3.1,8.5,LOW
USR00646,37,MALE,UNEMPLOYED,SINGLE,YOUTUBE,3.5,4,5,false,WITHIN 5 MIN,76,1.5,4.6,6.3,4.1,true,false,2.3,4.6,5.9,6.3,3.4,5.1,2.9,3.9,4.2,4.1,7.2,LOW
USR00647,41,FEMALE,STUDENT,MARRIED,TIKTOK,1.4,5,5,false,WITHIN 5 MIN,37,3.9,6.9,1.7,3.2,false,true,5.1,9.7,7.0,5.5,2.2,8.7,4.2,5.9,2.9,3.3,6.7,MODERATE
USR00648,36,MALE,STUDENT,IN A RELATIONSHIP,TIKTOK,3.4,1,3,false,AFTER 30 MIN,72,7.2,4.2,9.0,6.5,true,false,3.4,3.6,3.1,6.0,5.1,5.7,6.4,2.5,0.0,3.7,7.5,MODERATE
USR00649,21,FEMALE,FREELANCER,SINGLE,TWITTER/X,6.9,7,5,true,AFTER 30 MIN,29,9.9,4.3,5.4,4.5,true,false,4.6,0.0,5.5,5.0,10.0,7.3,3.5,5.3,4.7,3.1,6.9,MODERATE
USR00651,39,MALE,FREELANCER,SINGLE,TIKTOK,6.6,3,3,false,WITHIN 5 MIN,109,6.9,7.5,1.4,3.3,true,false,3.3,5.7,6.7,7.7,5.6,7.3,7.6,6.1,2.6,4.6,5.8,HIGH
USR00652,20,NON-BINARY,WORKING PROFESSIONAL,MARRIED,YOUTUBE,6.6,4,6,true,5-30 MIN,79,5.0,6.2,10.0,5.4,true,false,3.5,0.0,3.1,6.2,7.1,8.1,4.0,4.2,2.3,5.1,6.5,MODERATE
USR00653,40,UNKNOWN,UNEMPLOYED,IN A RELATIONSHIP,YOUTUBE,4.8,4,7,true,WITHIN 5 MIN,60,7.4,5.1,3.9,0.5,true,false,3.7,4.0,5.1,6.7,4.6,7.3,6.1,7.6,2.4,1.5,7.2,LOW
USR00655,44,FEMALE,FREELANCER,SINGLE,YOUTUBE,0.8,3,3,true,5-30 MIN,102,3.5,5.5,6.8,7.7,true,true,4.8,5.3,3.4,1.3,5.6,5.3,7.3,8.8,4.4,3.0,6.7,MODERATE
USR00656,37,FEMALE,STUDENT,SINGLE,TWITTER/X,6.1,5,1,false,AFTER 30 MIN,5,0.8,9.2,3.9,1.0,true,false,5.8,7.2,4.6,5.1,4.7,8.8,5.8,5.3,3.4,1.3,9.1,LOW
USR00657,15,FEMALE,FREELANCER,IN A RELATIONSHIP,INSTAGRAM,5.8,7,3,true,WITHIN 5 MIN,64,5.6,5.0,8.6,6.1,false,false,0.5,2.3,7.8,1.0,7.1,8.6,5.6,9.5,3.6,0.7,4.5,SEVERE
USR00658,37,NON-BINARY,STUDENT,IN A RELATIONSHIP,TIKTOK,5.0,2,6,false,WITHIN 5 MIN,50,5.0,7.6,3.2,10.0,false,false,7.5,5.8,4.6,6.3,6.7,6.2,0.1,3.1,1.1,3.0,5.1,HIGH
USR00659,17,MALE,WORKING PROFESSIONAL,MARRIED,FACEBOOK,5.0,5,4,true,AFTER 30 MIN,113,4.6,3.7,5.0,7.6,false,true,6.6,5.9,6.5,9.6,6.3,6.5,7.4,8.2,2.7,3.9,7.0,MODERATE
USR00660,25,NON-BINARY,FREELANCER,IN A RELATIONSHIP,INSTAGRAM,2.2,4,2,true,AFTER 30 MIN,52,2.3,6.0,6.5,4.5,false,false,6.0,7.8,5.5,2.3,1.9,7.2,3.0,3.0,2.0,4.0,7.0,MODERATE
USR00661,28,MALE,WORKING PROFESSIONAL,IN A RELATIONSHIP,TIKTOK,3.5,4,5,false,WITHIN 5 MIN,80,7.7,4.4,7.5,5.5,true,true,6.3,2.2,6.0,7.4,6.2,6.6,4.0,5.3,4.2,2.6,4.9,SEVERE
USR00664,21,MALE,WORKING PROFESSIONAL,SINGLE,TWITTER/X,3.9,1,3,false,AFTER 30 MIN,59,4.0,5.5,5.8,3.0,true,false,3.2,0.7,1.1,2.6,6.5,8.2,2.5,4.9,2.8,4.3,9.3,LOW
USR00666,31,FEMALE,STUDENT,IN A RELATIONSHIP,TIKTOK,7.0,3,4,true,WITHIN 5 MIN,44,4.1,9.2,4.0,2.9,true,false,0.2,7.9,3.7,3.5,5.8,6.8,5.2,8.5,3.7,3.0,6.0,MODERATE
USR00667,31,MALE,STUDENT,IN A RELATIONSHIP,TWITTER/X,2.7,4,1,true,WITHIN 5 MIN,79,5.6,7.8,3.6,7.1,true,true,5.2,6.3,5.6,10.0,4.6,4.4,5.0,4.2,3.3,3.5,5.7,HIGH
USR00669,38,FEMALE,STUDENT,MARRIED,INSTAGRAM,4.9,2,3,true,AFTER 30 MIN,20,4.3,5.1,4.9,5.4,true,false,5.0,1.5,2.6,6.0,5.7,7.1,9.3,5.1,4.5,3.0,7.6,MODERATE
USR00672,24,FEMALE,WORKING PROFESSIONAL,IN A RELATIONSHIP,YOUTUBE,5.3,2,3,false,WITHIN 5 MIN,40,4.5,1.4,4.1,5.8,false,false,0.8,2.1,0.0,7.4,5.6,6.9,4.8,3.3,3.9,4.9,8.6,LOW
USR00673,21,FEMALE,WORKING PROFESSIONAL,MARRIED,FACEBOOK,3.7,8,4,true,WITHIN 5 MIN,34,10.0,5.8,4.9,6.1,false,true,5.1,8.6,2.9,6.3,5.2,8.0,2.8,8.3,1.3,3.8,5.4,HIGH
USR00675,17,NON-BINARY,STUDENT,IN A RELATIONSHIP,INSTAGRAM,4.2,2,3,true,WITHIN 5 MIN,73,6.7,8.5,8.0,5.7,false,false,6.2,7.9,0.0,6.3,5.6,4.6,0.5,8.1,1.8,5.2,5.6,HIGH
USR00676,29,UNKNOWN,WORKING PROFESSIONAL,SINGLE,YOUTUBE,5.8,3,2,true,AFTER 30 MIN,5,7.2,7.9,4.2,8.1,true,true,9.0,1.4,2.3,3.9,2.2,7.2,2.1,5.3,2.4,2.4,5.3,SEVERE
USR00677,29,MALE,WORKING PROFESSIONAL,MARRIED,TWITTER/X,2.3,5,1,false,WITHIN 5 MIN,44,7.1,3.3,3.1,9.8,true,true,2.6,5.1,3.7,6.5,5.8,7.0,6.3,5.4,3.2,3.9,6.4,MODERATE
USR00678,17,NON-BINARY,STUDENT,SINGLE,TWITTER/X,2.5,2,3,false,5-30 MIN,55,6.7,2.3,4.9,3.8,true,true,2.5,4.8,4.6,4.6,6.2,7.2,3.9,6.0,3.0,2.4,8.8,LOW
USR00679,23,NON-BINARY,FREELANCER,SINGLE,YOUTUBE,4.9,1,3,false,5-30 MIN,57,5.5,5.2,7.5,4.6,false,true,8.0,6.1,5.8,5.2,4.0,7.0,3.6,4.2,6.0,1.8,5.9,HIGH
USR00680,28,MALE,WORKING PROFESSIONAL,SINGLE,TWITTER/X,9.4,4,4,true,WITHIN 5 MIN,5,6.1,5.5,3.4,5.4,true,false,6.2,4.5,2.7,7.3,5.0,7.0,6.1,8.1,5.4,3.3,6.0,MODERATE
USR00682,24,NON-BINARY,WORKING PROFESSIONAL,MARRIED,TWITTER/X,2.0,3,1,false,5-30 MIN,48,3.1,4.6,4.9,5.2,true,true,4.2,3.0,4.5,4.6,5.3,7.7,4.0,6.7,2.7,7.2,8.3,LOW
USR00683,41,FEMALE,STUDENT,MARRIED,INSTAGRAM,2.9,2,6,false,AFTER 30 MIN,111,8.0,6.9,4.3,4.5,true,false,4.7,8.1,0.3,5.0,7.9,5.6,2.2,8.9,3.7,2.9,8.8,LOW
USR00684,22,UNKNOWN,FREELANCER,MARRIED,TIKTOK,3.6,5,1,true,5-30 MIN,33,1.9,5.4,3.7,5.6,true,false,6.9,4.4,4.7,2.8,4.1,7.6,1.9,4.5,0.0,4.0,7.5,LOW
USR00685,33,MALE,STUDENT,SINGLE,SNAPCHAT,4.6,7,1,true,5-30 MIN,121,5.5,8.0,5.6,5.6,true,false,9.9,5.5,3.0,7.4,7.4,5.5,8.7,7.2,6.3,5.8,5.6,SEVERE
USR00686,35,FEMALE,STUDENT,IN A RELATIONSHIP,TIKTOK,6.7,1,5,true,WITHIN 5 MIN,92,4.5,2.0,2.0,6.0,false,true,10.0,6.1,4.0,4.3,6.8,4.7,3.1,6.0,0.9,3.9,7.2,MODERATE
USR00687,38,MALE,UNEMPLOYED,IN A RELATIONSHIP,INSTAGRAM,4.1,4,3,false,AFTER 30 MIN,16,0.5,5.3,5.5,5.9,true,false,10.0,4.0,4.9,5.2,3.7,6.1,5.4,4.9,1.9,3.4,8.1,LOW
USR00688,38,MALE,WORKING PROFESSIONAL,MARRIED,TIKTOK,4.4,5,3,false,WITHIN 5 MIN,13,5.1,3.8,4.3,10.0,false,false,2.4,5.0,5.3,5.0,6.5,6.6,2.8,4.0,3.5,3.9,5.9,MODERATE
USR00689,43,MALE,FREELANCER,IN A RELATIONSHIP,TIKTOK,4.6,3,7,false,AFTER 30 MIN,52,7.9,6.3,3.3,5.0,true,false,6.3,2.4,0.0,5.6,6.2,8.3,5.3,4.6,6.1,1.0,6.2,HIGH
USR00690,43,MALE,STUDENT,IN A RELATIONSHIP,YOUTUBE,3.3,3,4,true,WITHIN 5 MIN,64,10.0,4.8,5.8,5.8,true,true,2.3,2.1,1.0,8.4,5.0,6.2,7.1,5.4,1.6,2.1,5.0,SEVERE
USR00691,42,MALE,STUDENT,SINGLE,TIKTOK,3.5,7,5,false,5-30 MIN,91,0.0,5.0,7.8,1.4,true,false,3.3,4.5,6.6,5.6,4.8,5.0,5.0,7.2,2.6,3.7,8.2,LOW
USR00692,40,MALE,WORKING PROFESSIONAL,MARRIED,TIKTOK,5.6,4,4,false,WITHIN 5 MIN,36,1.5,8.1,5.0,4.9,true,false,7.4,4.1,4.1,4.5,3.2,9.8,5.4,8.4,0.0,0.0,6.0,HIGH
USR00693,30,UNKNOWN,FREELANCER,MARRIED,YOUTUBE,4.9,5,5,false,5-30 MIN,51,6.4,2.6,6.0,1.1,false,false,8.7,3.7,5.0,5.0,8.8,7.0,5.0,6.3,2.9,2.2,7.6,LOW
USR00694,28,NON-BINARY,STUDENT,MARRIED,TWITTER/X,7.3,1,7,true,WITHIN 5 MIN,31,1.2,8.6,2.7,5.0,true,true,8.5,7.2,9.2,3.5,8.5,5.7,2.3,6.2,1.8,4.8,6.1,MODERATE
USR00695,16,MALE,WORKING PROFESSIONAL,MARRIED,SNAPCHAT,4.4,1,6,true,WITHIN 5 MIN,64,5.8,3.8,1.9,3.6,true,true,5.3,2.1,4.3,7.9,6.1,3.3,8.2,3.9,3.7,3.7,6.0,HIGH
USR00696,15,MALE,WORKING PROFESSIONAL,SINGLE,INSTAGRAM,4.3,7,7,true,WITHIN 5 MIN,81,5.4,5.5,2.4,9.1,true,false,6.7,3.9,5.1,6.1,3.2,6.6,5.0,5.4,5.2,3.0,5.9,HIGH
USR00697,16,FEMALE,STUDENT,IN A RELATIONSHIP,TIKTOK,2.1,4,3,true,WITHIN 5 MIN,45,4.2,3.8,3.7,5.1,true,false,5.4,1.6,5.9,5.2,4.3,9.6,5.9,1.6,0.3,2.1,5.9,HIGH
USR00698,39,FEMALE,WORKING PROFESSIONAL,IN A RELATIONSHIP,TIKTOK,2.9,2,6,false,5-30 MIN,84,7.3,3.4,4.8,2.8,false,false,6.3,3.6,5.4,6.8,3.8,7.7,6.6,6.4,4.8,6.0,6.3,MODERATE
USR00699,22,MALE,UNEMPLOYED,MARRIED,YOUTUBE,5.3,4,9,false,AFTER 30 MIN,46,3.0,10.0,5.1,6.5,true,true,9.9,5.2,2.8,8.2,5.9,6.6,6.5,8.4,4.6,2.4,7.6,LOW
USR00701,19,MALE,WORKING PROFESSIONAL,SINGLE,YOUTUBE,8.0,2,1,false,5-30 MIN,66,4.0,5.5,3.6,4.0,false,true,3.8,3.6,5.8,5.4,5.6,6.3,6.1,5.4,4.3,3.5,7.4,LOW
USR00702,25,NON-BINARY,WORKING PROFESSIONAL,IN A RELATIONSHIP,INSTAGRAM,3.2,3,6,true,5-30 MIN,55,10.0,3.9,3.9,7.4,true,true,4.2,3.8,4.4,5.3,9.5,5.5,4.9,9.0,2.3,0.2,6.4,HIGH
USR00703,30,MALE,FREELANCER,SINGLE,TIKTOK,5.9,3,5,false,5-30 MIN,90,5.0,7.8,4.2,4.0,true,false,2.0,3.7,4.3,6.0,5.7,7.7,6.2,8.3,0.5,6.2,7.3,MODERATE
USR00705,26,FEMALE,WORKING PROFESSIONAL,MARRIED,TWITTER/X,0.5,3,5,true,WITHIN 5 MIN,31,6.6,6.2,0.4,3.9,false,false,1.4,3.9,5.6,9.3,5.6,5.5,9.9,5.0,2.9,0.3,7.6,LOW
USR00706,16,FEMALE,STUDENT,MARRIED,FACEBOOK,2.1,5,4,true,WITHIN 5 MIN,31,7.5,0.7,5.9,1.5,false,true,6.8,5.7,4.6,4.3,5.8,5.0,2.1,3.0,1.4,3.2,7.2,MODERATE
USR00707,35,MALE,STUDENT,IN A RELATIONSHIP,UNKNOWN,5.1,3,1,false,AFTER 30 MIN,27,5.9,3.1,6.9,5.0,true,true,5.0,9.7,5.0,6.0,0.8,7.6,5.4,5.9,3.5,0.1,7.2,MODERATE
USR00709,38,MALE,UNEMPLOYED,SINGLE,FACEBOOK,3.1,7,4,false,5-30 MIN,59,7.1,6.3,3.1,4.0,false,true,4.0,0.5,6.1,5.4,5.1,8.0,6.0,0.9,2.8,4.6,6.6,HIGH
USR00711,34,MALE,WORKING PROFESSIONAL,SINGLE,INSTAGRAM,4.1,2,2,true,WITHIN 5 MIN,98,8.7,5.5,3.1,6.2,false,false,7.4,4.6,2.4,5.5,5.6,6.2,7.0,9.3,0.0,3.1,4.8,SEVERE
USR00712,44,FEMALE,WORKING PROFESSIONAL,IN A RELATIONSHIP,YOUTUBE,5.2,5,5,true,AFTER 30 MIN,74,4.2,5.5,3.6,5.0,false,false,7.1,10.0,4.8,5.1,7.6,6.1,5.0,6.8,4.2,2.4,8.2,LOW
USR00713,42,FEMALE,WORKING PROFESSIONAL,IN A RELATIONSHIP,YOUTUBE,4.4,1,7,false,WITHIN 5 MIN,29,4.8,4.2,5.7,5.2,true,false,4.6,2.8,7.0,7.2,5.4,6.2,5.1,4.3,2.9,1.3,7.0,LOW
USR00715,29,NON-BINARY,STUDENT,IN A RELATIONSHIP,TIKTOK,5.9,5,4,true,AFTER 30 MIN,27,4.2,5.6,6.7,6.4,true,false,7.3,5.6,6.5,7.2,4.2,5.8,6.3,4.1,3.4,1.1,5.9,HIGH
USR00716,37,FEMALE,STUDENT,IN A RELATIONSHIP,TIKTOK,2.4,2,2,true,5-30 MIN,53,5.2,5.6,5.3,6.6,true,true,7.5,3.9,7.5,5.1,4.6,6.9,9.7,3.6,2.9,3.6,5.2,HIGH
USR00717,35,UNKNOWN,WORKING PROFESSIONAL,IN A RELATIONSHIP,YOUTUBE,1.8,1,4,false,AFTER 30 MIN,120,3.9,7.3,6.6,8.1,true,true,6.6,5.7,6.0,5.3,4.8,6.3,3.4,1.0,1.5,1.0,6.6,MODERATE
USR00718,40,FEMALE,STUDENT,SINGLE,TIKTOK,6.9,5,2,false,5-30 MIN,52,5.6,6.0,6.9,3.5,true,true,5.9,4.4,4.2,5.5,5.8,6.3,4.7,4.8,0.5,4.9,5.7,HIGH
USR00719,36,FEMALE,FREELANCER,SINGLE,TWITTER/X,7.3,3,3,false,WITHIN 5 MIN,64,4.9,8.0,8.2,6.7,true,false,4.9,4.5,3.4,4.6,7.1,5.0,3.6,3.3,2.8,3.5,6.4,HIGH
USR00720,44,MALE,STUDENT,SINGLE,INSTAGRAM,6.1,1,3,true,WITHIN 5 MIN,53,2.5,8.5,6.0,3.4,true,false,6.0,3.8,5.3,7.0,3.9,5.4,5.6,4.6,2.1,1.3,5.9,HIGH
USR00722,40,FEMALE,WORKING PROFESSIONAL,SINGLE,TIKTOK,3.8,7,4,true,5-30 MIN,40,4.4,4.4,6.3,6.6,true,false,4.2,1.7,3.1,6.0,5.7,7.4,1.5,3.6,1.1,0.1,6.9,MODERATE
USR00723,29,MALE,STUDENT,IN A RELATIONSHIP,FACEBOOK,2.6,5,7,false,WITHIN 5 MIN,78,4.9,4.7,3.5,6.7,false,true,3.1,4.5,4.5,5.0,6.4,4.8,7.2,7.9,2.9,3.0,6.7,MODERATE
USR00726,40,FEMALE,WORKING PROFESSIONAL,IN A RELATIONSHIP,FACEBOOK,3.5,2,1,true,5-30 MIN,140,5.6,8.8,7.4,7.4,false,true,1.4,5.1,8.5,5.6,5.1,4.4,5.4,10.0,0.9,4.2,5.8,HIGH
USR00728,28,MALE,WORKING PROFESSIONAL,SINGLE,INSTAGRAM,1.2,2,1,true,AFTER 30 MIN,115,9.3,0.0,6.7,4.6,true,true,4.5,0.1,3.0,4.4,4.4,7.0,3.1,8.7,3.6,3.4,5.6,HIGH
USR00729,38,MALE,WORKING PROFESSIONAL,MARRIED,INSTAGRAM,3.4,5,6,true,5-30 MIN,72,7.4,8.9,2.4,4.5,true,false,5.4,0.9,3.6,9.9,5.5,5.9,5.4,5.0,4.2,1.9,6.5,MODERATE
USR00730,21,MALE,STUDENT,MARRIED,YOUTUBE,2.0,1,4,false,WITHIN 5 MIN,45,7.2,6.6,5.9,5.4,false,false,2.7,6.7,4.7,9.3,5.9,4.1,6.5,5.4,6.6,4.5,8.1,LOW
USR00731,40,FEMALE,WORKING PROFESSIONAL,IN A RELATIONSHIP,UNKNOWN,1.8,3,4,false,5-30 MIN,83,4.9,6.8,6.7,1.2,false,false,5.5,6.0,5.0,6.6,6.7,7.1,6.1,6.6,3.9,3.6,9.2,LOW
USR00732,39,UNKNOWN,FREELANCER,MARRIED,YOUTUBE,8.5,4,2,false,5-30 MIN,146,4.8,7.2,3.6,6.9,true,true,4.3,5.6,0.3,4.4,4.0,6.1,5.9,4.0,0.1,3.6,5.0,HIGH
USR00735,37,MALE,STUDENT,MARRIED,TWITTER/X,5.6,4,6,true,WITHIN 5 MIN,67,9.4,2.7,5.8,6.1,true,true,3.4,4.0,3.3,4.6,6.5,8.5,10.0,5.2,3.5,4.6,4.2,SEVERE
USR00736,42,MALE,STUDENT,MARRIED,TWITTER/X,5.8,2,6,false,AFTER 30 MIN,37,7.1,7.2,3.5,3.7,true,true,1.5,4.3,0.7,10.0,6.9,6.6,7.4,5.3,0.0,3.0,8.3,LOW
USR00737,17,FEMALE,FREELANCER,IN A RELATIONSHIP,TIKTOK,4.6,3,2,true,5-30 MIN,28,7.0,4.2,3.8,10.0,true,true,5.9,8.0,4.2,5.6,5.3,7.1,5.8,0.0,2.2,2.3,4.4,SEVERE
USR00738,33,FEMALE,STUDENT,MARRIED,INSTAGRAM,0.5,3,1,true,WITHIN 5 MIN,24,2.6,7.6,3.8,3.5,true,false,5.0,1.6,7.9,5.2,4.6,4.9,7.2,5.4,4.2,3.0,6.4,MODERATE
USR00740,26,MALE,WORKING PROFESSIONAL,SINGLE,YOUTUBE,5.7,1,2,true,5-30 MIN,78,0.0,6.4,6.4,7.2,false,false,1.8,4.6,7.1,8.4,6.2,5.9,3.8,5.1,3.6,2.1,7.6,LOW
USR00741,20,FEMALE,WORKING PROFESSIONAL,UNKNOWN,TIKTOK,0.5,3,0,true,AFTER 30 MIN,95,3.4,5.9,5.9,7.9,true,true,3.8,2.2,10.0,1.5,8.9,3.8,2.6,3.2,5.0,1.8,6.5,MODERATE
USR00742,32,MALE,FREELANCER,IN A RELATIONSHIP,TIKTOK,7.5,7,4,false,WITHIN 5 MIN,67,5.4,4.4,9.4,8.6,false,false,4.0,2.8,5.1,4.7,4.6,6.1,4.9,4.0,1.2,4.3,4.4,SEVERE
USR00743,35,FEMALE,STUDENT,SINGLE,INSTAGRAM,6.2,3,3,true,WITHIN 5 MIN,111,6.4,5.7,5.2,6.9,false,true,8.8,5.7,1.6,6.8,2.9,7.3,3.4,5.3,2.9,0.2,3.1,SEVERE
USR00744,32,NON-BINARY,WORKING PROFESSIONAL,MARRIED,INSTAGRAM,5.1,1,4,true,WITHIN 5 MIN,120,3.9,5.1,7.5,7.8,true,true,5.5,3.8,5.3,5.4,2.6,5.3,4.9,5.8,4.7,5.0,3.2,SEVERE
USR00747,44,FEMALE,STUDENT,SINGLE,YOUTUBE,3.2,2,7,false,AFTER 30 MIN,8,3.2,7.1,4.0,8.4,false,true,5.2,3.1,6.4,4.8,6.3,5.6,6.5,7.1,1.9,4.5,6.4,MODERATE
USR00748,26,FEMALE,STUDENT,SINGLE,TIKTOK,8.4,3,3,false,5-30 MIN,5,4.9,4.0,5.8,7.7,true,true,8.6,6.3,0.7,5.8,3.8,5.9,5.8,4.9,2.5,2.2,5.4,SEVERE
USR00749,20,MALE,STUDENT,SINGLE,YOUTUBE,3.9,3,8,true,WITHIN 5 MIN,27,5.9,6.7,8.3,5.1,false,false,4.7,2.0,4.2,5.8,5.1,8.4,1.7,5.5,6.0,4.2,6.6,MODERATE
USR00750,41,MALE,WORKING PROFESSIONAL,SINGLE,SNAPCHAT,2.5,3,6,false,AFTER 30 MIN,23,3.3,7.7,6.7,6.7,true,true,5.3,8.0,1.7,6.8,10.0,9.0,4.0,5.9,7.5,3.4,8.2,LOW
USR00752,28,MALE,FREELANCER,SINGLE,TIKTOK,4.8,2,5,false,5-30 MIN,5,7.0,1.7,4.7,8.0,false,true,4.2,7.5,4.0,7.0,5.8,6.9,6.8,6.0,1.3,6.1,6.9,MODERATE
USR00753,20,FEMALE,WORKING PROFESSIONAL,SINGLE,YOUTUBE,5.2,3,3,true,WITHIN 5 MIN,34,5.1,8.1,7.3,8.1,true,true,8.9,6.4,1.8,9.6,6.9,6.6,4.8,1.5,1.1,2.2,4.0,SEVERE
USR00754,39,FEMALE,STUDENT,IN A RELATIONSHIP,YOUTUBE,7.0,3,3,true,WITHIN 5 MIN,70,7.2,7.6,5.3,8.8,true,true,3.7,3.3,5.3,2.5,4.9,5.1,3.2,6.9,2.6,2.9,3.4,SEVERE
USR00756,15,FEMALE,UNEMPLOYED,IN A RELATIONSHIP,INSTAGRAM,4.4,1,3,false,AFTER 30 MIN,58,5.3,5.0,0.0,7.7,true,false,8.0,3.2,2.8,7.4,6.4,7.1,8.3,5.5,2.6,3.0,6.8,LOW
USR00757,25,MALE,WORKING PROFESSIONAL,SINGLE,INSTAGRAM,4.7,3,6,true,WITHIN 5 MIN,97,2.4,4.8,5.4,6.7,false,true,1.9,3.3,7.0,6.7,3.7,6.6,3.2,6.7,2.1,2.5,5.5,HIGH
USR00759,39,FEMALE,WORKING PROFESSIONAL,SINGLE,TIKTOK,4.4,2,2,true,WITHIN 5 MIN,73,1.7,5.6,7.6,4.9,false,false,5.6,1.9,3.9,3.8,5.9,4.6,3.0,5.0,0.4,1.4,6.3,MODERATE
USR00760,30,MALE,WORKING PROFESSIONAL,IN A RELATIONSHIP,TIKTOK,8.1,2,2,true,AFTER 30 MIN,100,4.8,3.3,6.2,6.3,true,false,3.7,5.6,6.9,6.4,4.1,7.5,5.0,3.8,1.3,4.4,6.2,HIGH
USR00762,36,FEMALE,STUDENT,MARRIED,TIKTOK,2.5,3,3,true,WITHIN 5 MIN,46,6.2,7.8,5.3,4.3,true,false,0.0,5.2,7.7,3.7,5.6,3.5,4.5,8.3,5.1,0.0,7.2,MODERATE
USR00763,19,MALE,STUDENT,SINGLE,UNKNOWN,0.8,3,5,true,WITHIN 5 MIN,131,1.0,3.9,3.9,5.9,true,false,7.7,7.6,4.6,5.7,7.4,7.0,0.0,5.2,4.0,0.0,7.4,LOW
USR00766,15,NON-BINARY,FREELANCER,SINGLE,INSTAGRAM,4.5,7,3,false,WITHIN 5 MIN,98,3.4,7.6,3.4,4.5,true,true,6.0,0.8,3.1,5.4,2.6,6.4,3.9,4.6,2.5,0.7,4.4,SEVERE
USR00767,35,FEMALE,STUDENT,MARRIED,TWITTER/X,5.1,4,2,true,WITHIN 5 MIN,5,9.5,6.9,5.7,7.4,false,false,2.7,4.4,5.1,5.8,3.1,5.9,3.1,8.7,1.8,5.2,7.0,MODERATE
USR00769,41,FEMALE,STUDENT,SINGLE,INSTAGRAM,5.4,3,2,true,WITHIN 5 MIN,56,7.8,9.1,5.0,5.8,true,false,6.3,3.6,9.8,3.4,2.5,5.3,3.0,4.4,2.7,1.2,3.1,SEVERE
USR00771,37,MALE,WORKING PROFESSIONAL,MARRIED,FACEBOOK,6.3,2,7,true,5-30 MIN,93,4.2,6.4,8.0,3.4,false,true,2.0,6.5,7.2,7.9,5.1,7.2,7.3,4.6,0.7,0.9,7.2,MODERATE
USR00773,26,MALE,UNEMPLOYED,MARRIED,INSTAGRAM,6.2,3,3,true,WITHIN 5 MIN,103,8.1,8.5,5.9,5.9,true,false,5.6,4.8,5.7,3.8,5.7,7.8,9.2,8.0,3.8,0.5,3.7,SEVERE
USR00774,16,FEMALE,STUDENT,MARRIED,INSTAGRAM,3.4,4,5,true,WITHIN 5 MIN,56,6.2,6.3,7.4,7.8,false,true,3.2,3.9,4.4,4.9,2.1,6.2,6.6,5.3,3.7,1.3,3.9,SEVERE
USR00776,22,FEMALE,WORKING PROFESSIONAL,SINGLE,TWITTER/X,1.4,1,5,false,WITHIN 5 MIN,76,4.0,3.0,2.3,6.6,true,false,5.2,5.3,5.9,6.1,3.5,6.7,5.6,8.3,0.9,3.0,7.0,LOW
USR00777,21,MALE,STUDENT,IN A RELATIONSHIP,INSTAGRAM,1.3,5,4,true,AFTER 30 MIN,81,8.6,2.7,3.0,2.8,true,true,6.0,3.9,6.2,4.5,2.2,6.3,6.2,7.2,4.7,2.6,6.5,MODERATE
USR00778,31,FEMALE,UNEMPLOYED,SINGLE,TWITTER/X,3.8,2,5,false,WITHIN 5 MIN,23,4.8,7.8,3.9,4.9,true,true,3.7,10.0,4.6,7.4,5.0,6.7,5.1,6.7,3.2,1.3,7.0,MODERATE
USR00779,18,FEMALE,WORKING PROFESSIONAL,IN A RELATIONSHIP,INSTAGRAM,5.8,2,4,false,WITHIN 5 MIN,5,2.0,4.1,3.5,2.3,true,false,2.9,3.8,2.1,7.0,7.4,8.0,2.9,4.4,3.2,0.2,9.3,LOW
USR00780,21,FEMALE,STUDENT,IN A RELATIONSHIP,INSTAGRAM,0.6,2,3,true,5-30 MIN,55,6.6,3.2,2.9,4.0,false,true,4.7,2.9,3.1,5.1,2.5,6.3,4.3,7.3,0.0,3.1,7.6,MODERATE
USR00781,38,MALE,WORKING PROFESSIONAL,IN A RELATIONSHIP,YOUTUBE,0.5,4,5,false,5-30 MIN,5,6.6,5.7,4.2,9.9,true,false,3.3,6.6,1.4,6.8,6.2,7.6,5.9,4.4,3.4,4.6,8.0,LOW
USR00782,19,MALE,WORKING PROFESSIONAL,MARRIED,TWITTER/X,7.0,1,5,false,5-30 MIN,80,5.9,4.9,4.9,9.4,true,false,4.4,4.5,6.1,6.9,5.4,6.5,8.4,0.3,0.3,1.6,6.1,HIGH
USR00784,23,FEMALE,FREELANCER,SINGLE,INSTAGRAM,9.3,3,5,false,WITHIN 5 MIN,37,5.1,7.2,4.3,6.6,true,false,6.7,4.4,4.6,7.8,5.6,5.2,5.4,8.5,3.3,4.2,6.7,HIGH
USR00785,41,MALE,WORKING PROFESSIONAL,SINGLE,TIKTOK,5.3,8,3,true,5-30 MIN,5,6.1,7.8,5.2,6.5,false,true,1.7,1.8,2.5,5.3,4.4,7.8,2.5,8.7,4.0,3.0,5.6,SEVERE
USR00786,29,UNKNOWN,WORKING PROFESSIONAL,IN A RELATIONSHIP,INSTAGRAM,4.4,2,2,false,WITHIN 5 MIN,69,4.1,5.5,6.3,7.1,false,false,3.0,2.9,5.0,5.3,8.6,5.5,3.8,5.7,1.1,1.7,6.8,MODERATE
USR00787,38,NON-BINARY,UNEMPLOYED,IN A RELATIONSHIP,UNKNOWN,6.5,4,6,false,5-30 MIN,32,4.7,4.9,6.0,4.6,false,true,3.4,3.6,3.6,1.1,7.4,7.9,5.4,4.9,2.9,3.6,7.5,LOW
USR00792,42,MALE,STUDENT,SINGLE,TIKTOK,1.2,2,2,true,AFTER 30 MIN,55,10.0,7.8,4.3,1.6,true,false,4.5,5.1,4.4,6.8,4.2,5.9,8.8,5.4,4.2,2.7,7.6,LOW
USR00793,40,MALE,STUDENT,IN A RELATIONSHIP,SNAPCHAT,5.4,1,5,false,5-30 MIN,41,2.7,4.4,3.6,2.8,true,true,6.6,4.1,1.1,3.9,6.3,8.7,8.1,6.9,5.5,2.6,7.2,LOW
USR00795,36,FEMALE,STUDENT,MARRIED,INSTAGRAM,8.7,2,5,true,5-30 MIN,51,4.2,5.5,3.9,8.0,true,true,8.0,0.7,1.5,3.5,3.8,5.7,5.2,3.7,5.5,2.0,5.2,SEVERE
USR00796,27,FEMALE,WORKING PROFESSIONAL,IN A RELATIONSHIP,FACEBOOK,7.3,3,5,true,WITHIN 5 MIN,35,2.8,6.0,8.1,4.6,true,false,1.9,7.8,7.2,3.3,7.4,10.0,5.0,5.6,3.4,4.7,6.4,MODERATE
USR00797,35,MALE,WORKING PROFESSIONAL,MARRIED,TIKTOK,3.6,1,5,true,WITHIN 5 MIN,104,5.0,4.9,7.4,3.2,false,false,5.2,2.2,6.0,7.0,7.5,7.1,4.2,6.8,1.6,2.4,6.9,MODERATE
USR00799,32,NON-BINARY,WORKING PROFESSIONAL,IN A RELATIONSHIP,YOUTUBE,3.7,6,2,false,AFTER 30 MIN,68,5.4,8.5,6.9,4.8,true,true,10.0,8.6,3.7,6.3,4.0,5.7,6.4,3.7,3.5,0.0,6.2,HIGH
USR00800,16,FEMALE,WORKING PROFESSIONAL,MARRIED,TWITTER/X,4.7,4,3,true,5-30 MIN,28,4.0,2.5,3.9,6.2,true,true,3.2,2.0,3.8,6.4,1.2,4.1,8.6,4.1,3.2,2.6,6.1,MODERATE
USR00802,27,FEMALE,WORKING PROFESSIONAL,IN A RELATIONSHIP,YOUTUBE,3.5,5,5,true,WITHIN 5 MIN,99,6.1,7.5,8.2,5.6,true,false,7.6,3.2,4.4,4.4,5.7,7.6,4.5,4.5,3.0,2.3,5.1,SEVERE
USR00803,32,MALE,WORKING PROFESSIONAL,SINGLE,YOUTUBE,2.4,4,4,true,5-30 MIN,107,5.4,5.5,5.0,6.1,true,false,9.1,4.1,7.5,8.1,7.9,5.7,5.7,5.4,3.8,3.1,5.9,HIGH
USR00804,33,NON-BINARY,FREELANCER,SINGLE,INSTAGRAM,4.4,2,6,true,WITHIN 5 MIN,60,6.5,7.4,3.9,4.2,false,false,6.2,3.0,4.2,3.6,8.1,6.2,5.4,3.2,4.6,1.8,6.4,MODERATE
USR00805,28,MALE,STUDENT,SINGLE,INSTAGRAM,3.6,5,7,true,5-30 MIN,40,6.0,6.4,10.0,6.0,true,true,7.0,4.9,7.2,4.9,5.6,9.0,1.0,5.1,0.0,0.0,3.2,SEVERE
USR00806,32,MALE,FREELANCER,MARRIED,TIKTOK,2.9,2,7,true,WITHIN 5 MIN,106,7.8,5.1,7.4,0.0,false,true,7.7,3.8,1.5,6.5,6.2,5.2,5.2,6.0,3.3,2.1,4.9,SEVERE
USR00808,29,MALE,STUDENT,SINGLE,INSTAGRAM,4.8,4,5,false,AFTER 30 MIN,115,6.6,4.6,6.9,10.0,true,true,7.3,7.6,7.2,5.7,2.1,8.0,2.8,2.6,3.2,4.3,5.2,SEVERE
USR00809,32,MALE,FREELANCER,IN A RELATIONSHIP,INSTAGRAM,4.4,5,4,true,5-30 MIN,43,5.5,7.3,4.7,6.2,true,false,5.7,2.8,2.2,5.4,8.1,6.7,3.7,5.8,1.6,1.1,5.9,HIGH
USR00810,17,NON-BINARY,STUDENT,IN A RELATIONSHIP,SNAPCHAT,7.1,2,2,false,AFTER 30 MIN,81,4.5,4.2,5.3,5.5,true,false,5.8,5.2,4.7,5.2,4.7,9.1,7.0,6.0,5.9,5.6,8.5,LOW
USR00811,23,FEMALE,FREELANCER,SINGLE,INSTAGRAM,2.3,2,2,false,AFTER 30 MIN,131,6.0,4.3,6.0,7.9,false,true,6.1,3.0,3.2,2.7,4.5,5.8,3.8,7.2,3.1,2.4,6.2,HIGH
USR00812,37,UNKNOWN,STUDENT,SINGLE,YOUTUBE,5.0,1,3,false,AFTER 30 MIN,97,3.7,6.2,3.0,2.8,true,true,4.1,5.4,4.2,4.6,4.8,5.7,2.9,6.6,0.0,3.7,8.3,LOW
USR00813,28,NON-BINARY,STUDENT,SINGLE,INSTAGRAM,6.7,1,2,false,WITHIN 5 MIN,66,1.9,7.8,8.2,4.0,true,false,7.1,7.4,2.5,3.4,5.0,3.0,4.8,5.1,2.2,4.3,5.1,HIGH
USR00815,20,FEMALE,WORKING PROFESSIONAL,SINGLE,FACEBOOK,4.8,5,5,true,WITHIN 5 MIN,66,7.1,3.4,3.9,2.0,true,false,5.8,6.4,5.7,4.4,4.2,8.6,2.5,5.2,3.5,0.0,5.6,HIGH
USR00816,37,MALE,STUDENT,SINGLE,INSTAGRAM,5.9,3,4,true,5-30 MIN,81,8.3,6.6,3.0,4.9,true,false,4.1,5.8,2.7,6.1,4.6,7.2,5.3,5.1,1.7,0.9,5.5,HIGH
USR00817,23,UNKNOWN,UNEMPLOYED,IN A RELATIONSHIP,FACEBOOK,5.6,2,6,false,AFTER 30 MIN,86,3.3,4.8,1.6,6.5,true,false,4.4,0.3,4.3,3.9,5.0,8.2,6.7,6.4,5.4,3.7,8.1,LOW
USR00819,33,FEMALE,WORKING PROFESSIONAL,IN A RELATIONSHIP,TIKTOK,1.8,1,2,false,5-30 MIN,44,7.8,5.8,8.4,4.3,false,true,4.5,5.1,3.6,8.4,5.4,3.0,4.0,6.1,0.0,3.9,6.5,MODERATE
USR00820,16,MALE,UNEMPLOYED,MARRIED,INSTAGRAM,2.5,2,4,false,WITHIN 5 MIN,34,5.4,2.4,6.3,1.7,true,true,5.8,5.4,4.6,4.3,2.6,5.8,4.1,5.4,2.4,2.9,7.9,MODERATE
USR00822,36,MALE,WORKING PROFESSIONAL,SINGLE,TIKTOK,3.8,3,5,true,WITHIN 5 MIN,26,6.0,2.8,2.2,5.4,true,false,3.6,5.6,8.6,5.2,2.9,6.5,7.4,6.5,3.1,3.5,7.1,MODERATE
USR00823,15,MALE,UNEMPLOYED,UNKNOWN,TIKTOK,3.8,5,4,false,5-30 MIN,47,7.6,3.7,4.5,7.3,true,false,3.1,4.5,4.6,5.7,5.8,7.7,0.4,5.4,5.0,3.7,7.7,LOW
USR00824,35,FEMALE,WORKING PROFESSIONAL,SINGLE,TIKTOK,3.3,4,3,true,WITHIN 5 MIN,61,6.9,8.0,8.5,3.7,false,true,3.8,2.7,6.2,2.2,10.0,7.7,0.0,7.6,2.7,1.3,5.8,SEVERE
USR00825,34,NON-BINARY,STUDENT,IN A RELATIONSHIP,UNKNOWN,0.7,4,4,false,5-30 MIN,66,5.9,7.6,3.9,3.8,false,true,3.3,4.2,5.5,6.0,6.0,7.9,3.1,5.2,2.5,2.0,6.8,LOW
USR00826,22,NON-BINARY,UNEMPLOYED,SINGLE,UNKNOWN,5.8,2,4,true,WITHIN 5 MIN,55,7.0,3.2,4.1,7.6,false,true,6.8,8.8,6.7,8.2,5.8,5.8,2.6,9.8,2.9,4.9,6.0,HIGH
USR00827,19,FEMALE,WORKING PROFESSIONAL,IN A RELATIONSHIP,INSTAGRAM,2.2,3,5,false,5-30 MIN,5,7.4,5.4,6.5,7.9,false,true,5.2,5.9,2.4,4.6,2.9,8.5,4.2,5.4,2.3,3.4,5.2,HIGH
USR00828,44,MALE,STUDENT,MARRIED,TIKTOK,7.9,7,1,false,WITHIN 5 MIN,91,4.0,7.3,6.3,2.4,false,true,2.3,2.3,5.4,2.1,7.8,5.7,3.3,7.7,3.5,5.3,6.0,HIGH
USR00829,27,MALE,WORKING PROFESSIONAL,SINGLE,FACEBOOK,10.5,4,3,true,5-30 MIN,87,4.1,6.4,3.0,3.2,false,true,4.3,4.5,2.0,6.1,5.3,8.5,4.0,4.9,5.1,0.0,5.1,SEVERE
USR00831,15,NON-BINARY,WORKING PROFESSIONAL,SINGLE,SNAPCHAT,5.5,2,4,false,5-30 MIN,81,2.9,4.3,4.8,7.3,false,true,5.3,2.4,4.5,3.6,6.7,5.5,7.0,7.7,2.3,6.8,6.7,MODERATE
USR00832,20,MALE,WORKING PROFESSIONAL,IN A RELATIONSHIP,FACEBOOK,3.1,1,5,true,5-30 MIN,96,8.9,3.5,7.4,7.1,true,false,6.9,0.0,1.9,6.5,5.6,6.5,5.7,3.4,3.6,1.6,6.7,MODERATE
USR00833,17,FEMALE,STUDENT,SINGLE,TWITTER/X,4.4,4,5,true,WITHIN 5 MIN,155,5.8,8.4,5.5,4.1,true,false,1.9,8.2,8.2,5.5,6.3,6.6,3.9,8.5,6.0,1.5,6.4,MODERATE
USR00834,30,FEMALE,WORKING PROFESSIONAL,IN A RELATIONSHIP,TIKTOK,3.6,5,5,true,AFTER 30 MIN,65,5.2,2.7,2.2,3.5,false,true,4.3,7.0,4.0,6.4,4.1,6.2,4.0,8.2,3.9,4.8,7.5,LOW
USR00835,36,MALE,STUDENT,SINGLE,YOUTUBE,6.7,3,6,false,AFTER 30 MIN,102,2.4,1.6,2.4,6.2,true,true,0.2,8.5,6.8,4.6,3.0,9.4,5.9,7.9,0.0,3.6,8.5,LOW
USR00836,37,NON-BINARY,FREELANCER,MARRIED,TIKTOK,4.6,3,3,false,WITHIN 5 MIN,86,7.0,6.3,1.5,9.9,true,false,6.3,6.8,4.1,5.0,6.0,8.6,1.9,6.9,1.7,3.7,7.1,MODERATE
USR00837,24,FEMALE,STUDENT,IN A RELATIONSHIP,TIKTOK,1.0,5,4,false,5-30 MIN,22,4.3,5.8,3.1,7.9,false,true,7.8,9.1,6.9,3.5,2.3,6.6,2.3,4.5,3.3,1.6,6.4,HIGH
USR00838,37,FEMALE,WORKING PROFESSIONAL,IN A RELATIONSHIP,TIKTOK,6.2,8,3,false,5-30 MIN,89,6.7,6.0,4.7,3.4,false,false,7.9,4.3,10.0,8.2,3.6,8.1,5.3,7.5,4.9,6.3,5.3,HIGH
USR00839,38,FEMALE,WORKING PROFESSIONAL,IN A RELATIONSHIP,UNKNOWN,3.4,2,8,false,WITHIN 5 MIN,44,3.5,5.3,5.3,8.4,false,true,9.8,5.1,4.6,5.8,4.1,4.4,2.2,5.0,2.5,3.0,6.2,HIGH
USR00840,36,FEMALE,WORKING PROFESSIONAL,IN A RELATIONSHIP,INSTAGRAM,6.3,4,4,true,5-30 MIN,15,0.7,4.7,5.2,5.3,true,false,4.1,3.3,5.9,5.6,1.1,9.7,4.8,8.0,0.0,0.0,7.0,MODERATE
USR00841,38,FEMALE,STUDENT,SINGLE,INSTAGRAM,4.5,1,6,true,WITHIN 5 MIN,8,5.0,3.4,7.3,3.6,true,true,7.1,5.1,3.7,5.2,7.1,7.3,3.6,3.4,4.1,4.5,4.8,HIGH
USR00842,26,FEMALE,STUDENT,SINGLE,INSTAGRAM,2.8,2,3,false,WITHIN 5 MIN,81,7.2,8.1,6.1,4.7,true,false,7.1,3.5,2.1,4.0,1.0,6.3,6.0,7.0,1.0,1.2,5.5,HIGH
USR00845,23,NON-BINARY,FREELANCER,IN A RELATIONSHIP,SNAPCHAT,3.3,1,3,false,WITHIN 5 MIN,118,6.4,5.1,6.6,0.9,true,false,4.3,7.8,4.7,6.0,5.7,4.0,4.5,4.5,2.3,3.0,6.8,MODERATE
USR00848,22,MALE,STUDENT,SINGLE,TIKTOK,7.6,3,8,false,5-30 MIN,53,7.5,2.1,10.0,3.6,true,true,4.2,4.5,6.8,5.9,5.1,8.5,7.7,8.1,3.8,1.7,5.6,SEVERE
USR00849,39,MALE,STUDENT,MARRIED,TIKTOK,1.6,4,5,false,5-30 MIN,91,6.1,6.6,4.0,4.6,true,false,5.6,4.8,3.7,5.7,7.2,6.5,3.8,5.1,3.8,4.4,8.3,LOW
USR00851,30,MALE,UNEMPLOYED,SINGLE,UNKNOWN,4.4,2,2,true,WITHIN 5 MIN,119,6.0,3.4,4.2,1.2,true,false,3.5,7.0,5.7,3.7,3.0,5.3,9.9,4.4,1.5,0.0,4.6,SEVERE
USR00852,34,MALE,WORKING PROFESSIONAL,SINGLE,FACEBOOK,7.7,4,6,true,WITHIN 5 MIN,97,4.5,5.5,3.6,4.6,false,false,4.4,3.1,5.6,6.5,5.7,5.9,6.8,5.5,3.4,0.9,4.6,SEVERE
USR00853,22,FEMALE,STUDENT,MARRIED,INSTAGRAM,3.9,1,3,false,WITHIN 5 MIN,87,5.4,6.6,5.4,4.0,true,true,5.0,3.9,5.8,5.6,5.1,9.7,6.3,5.3,1.9,5.2,6.2,MODERATE
USR00854,31,MALE,WORKING PROFESSIONAL,SINGLE,TWITTER/X,6.2,2,2,false,WITHIN 5 MIN,37,9.2,6.2,5.9,6.9,false,true,10.0,5.6,4.1,3.7,7.1,7.2,5.2,5.8,6.2,0.4,4.3,SEVERE
USR00856,21,FEMALE,UNKNOWN,SINGLE,YOUTUBE,2.3,1,4,true,5-30 MIN,110,6.7,3.3,5.1,7.1,false,false,4.3,1.2,8.6,5.7,3.8,5.4,5.6,5.0,3.2,6.8,6.1,MODERATE
USR00857,22,MALE,STUDENT,SINGLE,TIKTOK,4.5,3,4,false,WITHIN 5 MIN,51,5.2,3.7,5.4,3.3,false,false,5.2,6.9,3.4,7.2,4.2,7.3,1.4,2.1,0.4,4.3,7.3,LOW
USR00859,31,UNKNOWN,STUDENT,SINGLE,INSTAGRAM,3.9,1,6,true,WITHIN 5 MIN,53,6.6,7.2,5.0,9.0,true,true,8.4,5.4,0.9,7.6,3.3,4.7,4.4,7.5,4.5,4.7,3.7,SEVERE
USR00860,43,FEMALE,STUDENT,IN A RELATIONSHIP,FACEBOOK,1.0,3,3,false,AFTER 30 MIN,54,6.4,7.1,2.4,5.5,false,true,6.2,1.4,6.2,4.6,5.6,7.3,7.0,8.4,2.0,5.8,7.3,LOW
USR00861,17,MALE,WORKING PROFESSIONAL,MARRIED,YOUTUBE,0.5,8,3,false,AFTER 30 MIN,13,6.5,2.4,4.4,7.8,false,true,5.8,4.6,7.5,8.2,5.9,7.4,4.7,4.3,3.5,1.6,7.7,LOW
USR00862,22,NON-BINARY,STUDENT,MARRIED,TWITTER/X,4.3,3,2,false,WITHIN 5 MIN,56,6.9,2.5,4.9,7.0,true,true,5.1,1.3,4.3,8.1,7.7,8.7,6.3,9.0,4.5,5.7,7.0,MODERATE
USR00863,19,MALE,STUDENT,MARRIED,INSTAGRAM,4.4,2,4,true,AFTER 30 MIN,95,5.8,6.8,3.9,6.7,true,false,2.7,3.7,3.6,5.1,7.4,7.0,6.4,3.0,7.2,3.8,6.8,MODERATE
USR00865,44,FEMALE,FREELANCER,SINGLE,YOUTUBE,4.8,5,4,false,AFTER 30 MIN,48,4.5,5.9,4.2,3.9,true,false,5.1,0.9,3.2,8.6,9.2,5.1,6.7,7.5,3.8,3.0,9.5,LOW
USR00866,20,NON-BINARY,UNEMPLOYED,MARRIED,INSTAGRAM,2.8,2,3,true,AFTER 30 MIN,66,7.2,5.1,3.8,3.1,false,true,6.8,8.0,4.9,5.3,5.3,7.7,8.2,4.4,3.7,3.4,5.9,MODERATE
USR00867,28,MALE,UNEMPLOYED,IN A RELATIONSHIP,YOUTUBE,7.2,3,2,true,WITHIN 5 MIN,24,3.2,5.9,4.9,6.0,false,false,4.4,5.6,4.6,6.1,0.5,8.8,5.9,4.0,5.3,2.6,6.0,HIGH
USR00869,15,FEMALE,FREELANCER,SINGLE,YOUTUBE,1.4,5,3,true,WITHIN 5 MIN,71,5.7,4.8,2.6,5.7,true,false,5.2,1.7,6.9,5.9,7.0,4.9,3.8,8.1,2.7,3.4,6.5,MODERATE
USR00872,26,NON-BINARY,WORKING PROFESSIONAL,SINGLE,INSTAGRAM,4.4,2,4,true,WITHIN 5 MIN,23,4.9,4.6,5.5,4.7,true,false,3.4,5.5,0.8,5.6,2.8,6.1,6.6,6.4,3.0,2.1,7.7,LOW
USR00874,41,NON-BINARY,UNEMPLOYED,SINGLE,INSTAGRAM,3.6,1,2,true,5-30 MIN,17,2.7,5.3,5.0,5.1,false,true,6.5,4.8,4.8,3.5,4.6,5.8,0.4,6.4,2.1,2.9,5.4,HIGH
USR00875,44,MALE,UNKNOWN,SINGLE,FACEBOOK,3.3,7,4,false,5-30 MIN,145,6.8,7.8,6.2,6.1,false,true,5.1,7.0,4.0,2.3,6.8,7.1,5.8,4.9,4.9,2.8,4.3,SEVERE
USR00876,30,FEMALE,WORKING PROFESSIONAL,SINGLE,INSTAGRAM,0.5,2,3,false,5-30 MIN,72,3.2,8.1,2.8,2.2,true,true,5.6,4.6,6.2,5.6,4.7,10.0,3.2,2.9,2.9,2.3,8.0,LOW
USR00877,19,NON-BINARY,WORKING PROFESSIONAL,IN A RELATIONSHIP,TIKTOK,5.4,4,3,true,WITHIN 5 MIN,86,5.2,6.9,5.2,8.8,true,true,7.6,6.3,2.3,5.5,7.2,5.5,5.9,10.0,2.3,2.0,4.9,HIGH
USR00879,29,FEMALE,STUDENT,SINGLE,TIKTOK,3.2,2,3,true,AFTER 30 MIN,52,5.4,3.8,5.3,6.7,true,true,4.9,4.5,3.3,4.5,6.2,6.2,4.8,4.3,5.5,2.3,5.5,HIGH
USR00881,27,MALE,STUDENT,SINGLE,INSTAGRAM,3.9,2,6,false,5-30 MIN,20,5.2,7.4,2.6,3.2,true,false,3.7,2.2,6.0,5.2,5.3,6.1,1.1,5.4,1.2,3.4,7.8,LOW
USR00883,25,FEMALE,FREELANCER,IN A RELATIONSHIP,TIKTOK,4.2,5,3,false,5-30 MIN,108,3.9,3.5,5.0,4.7,true,false,0.3,7.5,4.9,3.3,5.0,4.2,7.1,9.7,1.8,1.3,6.9,LOW
USR00885,15,FEMALE,UNEMPLOYED,SINGLE,TIKTOK,4.4,3,2,false,5-30 MIN,47,3.6,8.7,2.9,0.0,false,false,3.4,3.4,1.8,5.1,5.8,4.9,6.6,5.8,0.0,3.0,7.7,LOW
USR00887,40,MALE,STUDENT,SINGLE,SNAPCHAT,8.4,2,2,false,AFTER 30 MIN,74,7.9,5.5,8.6,7.4,true,true,5.6,8.6,1.5,6.1,3.0,6.9,4.6,5.5,3.0,5.0,5.4,HIGH
USR00888,28,MALE,STUDENT,SINGLE,TIKTOK,4.0,3,1,false,5-30 MIN,5,8.1,6.7,5.1,2.6,true,false,4.3,3.8,5.2,4.8,5.6,4.2,6.1,4.7,1.9,4.5,6.5,MODERATE
USR00889,18,FEMALE,WORKING PROFESSIONAL,IN A RELATIONSHIP,TWITTER/X,4.5,1,5,true,5-30 MIN,136,4.5,4.9,7.8,5.0,true,true,6.6,6.0,3.9,2.1,6.3,6.7,4.9,1.3,3.0,2.0,4.1,SEVERE
USR00890,20,MALE,FREELANCER,SINGLE,FACEBOOK,5.0,2,3,false,WITHIN 5 MIN,48,1.0,5.8,3.9,2.6,true,false,5.6,4.6,2.9,7.6,5.6,5.9,3.3,7.2,2.3,0.5,8.3,LOW
USR00892,28,FEMALE,STUDENT,IN A RELATIONSHIP,TIKTOK,1.3,2,7,true,WITHIN 5 MIN,122,3.8,2.1,6.8,4.6,true,false,8.7,4.3,3.4,5.8,8.1,7.0,6.3,8.0,2.4,1.8,6.4,MODERATE
USR00893,32,MALE,STUDENT,SINGLE,SNAPCHAT,9.3,4,2,true,WITHIN 5 MIN,57,7.9,3.5,5.3,8.9,false,false,4.5,6.0,4.5,6.5,4.7,5.2,2.4,8.2,2.3,3.3,4.8,SEVERE
USR00894,25,UNKNOWN,WORKING PROFESSIONAL,IN A RELATIONSHIP,YOUTUBE,4.4,4,5,true,5-30 MIN,74,6.2,1.4,5.6,5.9,false,true,5.7,5.7,5.8,6.4,9.3,6.8,3.2,8.5,4.0,1.6,7.0,MODERATE
USR00896,38,FEMALE,FREELANCER,SINGLE,INSTAGRAM,6.2,3,4,false,AFTER 30 MIN,41,4.2,5.6,2.2,8.0,false,true,7.3,5.9,2.3,6.4,6.8,6.5,4.6,7.3,2.7,2.6,7.4,MODERATE
USR00897,22,MALE,WORKING PROFESSIONAL,MARRIED,INSTAGRAM,3.4,2,6,true,WITHIN 5 MIN,55,5.5,6.5,3.6,0.0,false,false,7.4,1.9,3.9,5.3,3.2,5.7,5.0,5.9,2.6,2.9,6.8,MODERATE
USR00898,17,MALE,UNKNOWN,SINGLE,SNAPCHAT,2.3,2,2,true,WITHIN 5 MIN,28,2.7,6.8,2.8,5.3,true,true,4.6,7.3,5.3,4.7,3.3,6.0,3.4,3.5,2.6,2.7,6.0,HIGH
USR00900,37,MALE,WORKING PROFESSIONAL,IN A RELATIONSHIP,TWITTER/X,1.3,5,5,true,AFTER 30 MIN,16,5.9,6.6,6.2,6.4,false,false,9.3,2.8,5.8,5.7,10.0,4.2,7.4,6.2,6.7,3.1,7.6,LOW
USR00901,27,FEMALE,STUDENT,SINGLE,YOUTUBE,2.1,2,2,true,AFTER 30 MIN,68,6.0,5.2,4.5,1.8,false,false,2.8,7.4,6.6,7.1,7.1,6.9,9.1,5.4,0.9,4.3,9.3,LOW
USR00902,35,UNKNOWN,FREELANCER,MARRIED,SNAPCHAT,6.2,3,5,false,5-30 MIN,16,7.1,3.8,2.0,5.1,true,true,0.9,3.3,0.1,3.5,8.4,6.4,2.4,2.3,3.6,1.8,8.5,LOW
USR00903,39,UNKNOWN,WORKING PROFESSIONAL,SINGLE,YOUTUBE,4.5,3,6,false,WITHIN 5 MIN,31,4.9,5.5,5.6,6.9,true,true,6.4,4.4,5.4,2.0,7.7,6.6,5.7,5.4,2.0,1.9,5.8,HIGH
USR00904,17,FEMALE,WORKING PROFESSIONAL,SINGLE,TIKTOK,3.7,4,4,false,5-30 MIN,39,6.3,5.5,3.3,5.5,true,false,2.8,3.9,4.6,2.1,8.1,6.8,7.0,7.3,4.1,6.0,7.1,MODERATE
USR00905,22,FEMALE,STUDENT,MARRIED,INSTAGRAM,7.1,4,6,true,WITHIN 5 MIN,84,4.3,4.6,6.8,5.5,false,false,2.2,3.8,6.9,5.3,9.0,5.3,5.0,5.3,5.0,4.9,5.0,HIGH
USR00907,20,MALE,WORKING PROFESSIONAL,IN A RELATIONSHIP,INSTAGRAM,3.4,1,3,true,WITHIN 5 MIN,53,8.0,4.2,3.8,5.3,false,true,3.4,7.9,7.4,3.0,3.4,7.9,6.9,5.0,4.0,5.7,4.7,SEVERE
USR00908,22,MALE,FREELANCER,MARRIED,YOUTUBE,1.1,1,4,false,AFTER 30 MIN,57,5.6,5.3,6.7,4.1,false,false,5.4,3.8,4.3,2.4,6.3,6.6,5.6,9.6,3.2,2.8,8.7,LOW
USR00909,42,FEMALE,STUDENT,SINGLE,FACEBOOK,3.1,5,5,true,WITHIN 5 MIN,65,6.5,7.2,4.0,2.8,true,false,7.0,6.5,5.7,8.5,1.8,7.1,2.1,7.4,1.6,3.3,6.5,MODERATE
USR00911,43,MALE,STUDENT,SINGLE,TIKTOK,2.3,4,4,false,AFTER 30 MIN,75,6.1,3.2,5.1,4.0,true,false,5.8,3.0,5.4,7.4,5.6,5.3,4.7,6.4,2.3,4.4,8.5,LOW
USR00912,24,MALE,STUDENT,IN A RELATIONSHIP,INSTAGRAM,9.0,3,5,true,5-30 MIN,96,7.3,9.9,6.6,9.0,true,false,6.3,4.7,4.0,4.2,7.0,5.9,5.1,5.7,0.0,0.3,2.7,SEVERE
USR00913,18,FEMALE,WORKING PROFESSIONAL,IN A RELATIONSHIP,INSTAGRAM,3.8,7,6,true,5-30 MIN,113,10.0,7.4,3.4,4.7,false,false,5.2,4.5,6.5,6.0,4.4,6.0,4.9,7.6,5.1,0.7,5.2,SEVERE
USR00914,15,FEMALE,UNEMPLOYED,IN A RELATIONSHIP,TIKTOK,1.3,4,2,false,AFTER 30 MIN,5,6.7,3.4,3.1,4.5,true,true,5.6,2.9,7.3,6.9,6.3,6.9,1.0,3.1,3.6,2.0,8.6,LOW
USR00915,33,FEMALE,STUDENT,MARRIED,INSTAGRAM,3.3,3,2,false,WITHIN 5 MIN,54,4.9,8.1,4.6,6.0,false,false,5.6,6.0,4.4,2.4,5.5,6.2,4.1,8.7,3.5,0.0,6.7,MODERATE
USR00916,40,FEMALE,STUDENT,IN A RELATIONSHIP,YOUTUBE,7.4,5,3,true,5-30 MIN,59,1.1,5.6,0.0,0.0,true,true,4.7,3.5,6.1,3.0,4.6,5.8,7.5,4.4,3.9,0.3,6.6,MODERATE
USR00917,24,FEMALE,STUDENT,SINGLE,YOUTUBE,2.9,7,9,true,AFTER 30 MIN,52,7.1,1.5,2.1,6.0,false,true,4.3,4.3,0.0,5.8,5.6,7.9,6.7,5.2,0.3,3.0,9.0,LOW
USR00918,35,FEMALE,WORKING PROFESSIONAL,MARRIED,TIKTOK,5.3,2,1,false,5-30 MIN,5,0.1,5.5,7.8,7.9,true,true,4.9,6.3,3.0,4.4,6.1,5.4,7.2,0.8,2.7,5.0,6.6,MODERATE
USR00919,41,MALE,STUDENT,IN A RELATIONSHIP,TWITTER/X,5.9,2,6,false,5-30 MIN,77,5.4,7.7,2.2,5.8,true,true,4.1,10.0,2.7,7.7,4.8,6.5,3.5,7.4,3.6,2.7,8.3,LOW
USR00920,34,FEMALE,STUDENT,MARRIED,INSTAGRAM,3.1,3,4,true,WITHIN 5 MIN,21,5.4,3.5,4.0,5.9,false,false,3.0,8.1,7.1,7.0,9.7,5.9,2.0,2.9,2.1,5.6,7.0,LOW
USR00922,37,MALE,STUDENT,UNKNOWN,TIKTOK,7.4,3,5,false,AFTER 30 MIN,47,5.0,6.8,8.9,3.6,true,false,7.8,3.9,1.9,8.0,6.5,5.2,7.6,5.6,4.4,4.4,7.1,MODERATE
USR00924,18,MALE,WORKING PROFESSIONAL,IN A RELATIONSHIP,FACEBOOK,0.5,4,3,false,5-30 MIN,41,5.4,1.6,6.3,6.6,false,false,6.6,6.3,5.0,7.3,6.6,6.7,3.9,4.8,5.4,0.0,8.4,LOW
USR00925,30,FEMALE,UNEMPLOYED,IN A RELATIONSHIP,YOUTUBE,5.0,4,1,false,WITHIN 5 MIN,109,0.3,5.9,10.0,8.1,false,false,0.7,5.6,9.1,5.0,5.6,4.0,4.7,2.9,1.2,1.9,5.3,HIGH
USR00926,23,MALE,FREELANCER,SINGLE,INSTAGRAM,5.9,4,5,false,AFTER 30 MIN,37,4.6,8.5,4.3,2.5,false,true,6.7,2.7,3.5,4.6,6.9,5.2,1.9,7.2,4.6,2.2,8.2,LOW
USR00927,19,FEMALE,FREELANCER,IN A RELATIONSHIP,INSTAGRAM,6.3,3,7,false,5-30 MIN,44,0.0,3.3,5.1,8.1,false,false,9.1,5.5,4.0,10.0,3.4,7.5,1.1,5.0,5.1,2.3,8.8,LOW
USR00930,16,MALE,WORKING PROFESSIONAL,SINGLE,INSTAGRAM,4.4,5,5,true,WITHIN 5 MIN,16,4.0,3.9,3.5,7.6,false,false,7.2,5.1,4.6,4.3,5.5,4.4,6.5,2.7,5.9,3.0,6.0,HIGH
USR00931,35,MALE,STUDENT,MARRIED,TIKTOK,0.5,2,5,true,WITHIN 5 MIN,12,6.7,1.7,2.4,5.2,true,true,2.9,7.3,4.2,6.8,7.8,6.7,2.9,4.7,2.6,5.9,7.8,LOW
USR00932,17,MALE,FREELANCER,SINGLE,INSTAGRAM,1.8,4,4,false,WITHIN 5 MIN,53,4.0,7.7,8.7,8.3,true,false,4.6,2.8,0.0,5.9,2.3,5.1,4.2,6.1,0.8,1.7,6.1,HIGH
USR00934,26,MALE,UNEMPLOYED,SINGLE,TWITTER/X,1.8,4,4,false,WITHIN 5 MIN,16,6.3,5.5,2.3,3.5,false,false,4.2,4.8,5.4,1.9,4.5,5.2,6.2,5.3,6.6,2.5,7.1,LOW
USR00935,28,NON-BINARY,UNKNOWN,IN A RELATIONSHIP,TIKTOK,3.8,2,4,true,WITHIN 5 MIN,53,6.3,5.3,3.7,6.9,true,true,5.2,5.5,3.7,4.6,5.4,7.2,2.9,6.2,0.8,2.4,4.8,SEVERE
USR00936,23,MALE,FREELANCER,SINGLE,SNAPCHAT,0.6,6,6,true,AFTER 30 MIN,138,6.3,7.8,4.2,0.7,true,true,5.6,0.8,1.0,6.7,8.0,7.1,3.9,5.5,3.9,2.5,8.0,LOW
USR00937,36,MALE,FREELANCER,IN A RELATIONSHIP,UNKNOWN,3.7,7,5,true,WITHIN 5 MIN,111,6.4,10.0,4.8,7.7,true,false,6.1,8.8,3.2,4.9,6.1,6.4,1.2,3.9,1.3,0.0,5.3,SEVERE
USR00938,26,FEMALE,WORKING PROFESSIONAL,IN A RELATIONSHIP,FACEBOOK,1.6,7,4,true,WITHIN 5 MIN,72,5.7,4.5,9.3,7.9,true,false,4.9,10.0,5.6,3.6,3.2,6.2,3.0,6.0,3.9,5.4,6.1,MODERATE
USR00939,15,MALE,UNKNOWN,MARRIED,INSTAGRAM,5.3,4,4,true,AFTER 30 MIN,55,5.5,5.5,10.0,6.9,false,true,3.2,3.8,5.5,3.8,6.0,4.3,8.4,4.7,2.3,4.0,3.7,SEVERE
USR00940,25,MALE,WORKING PROFESSIONAL,UNKNOWN,YOUTUBE,4.1,3,4,false,5-30 MIN,104,9.2,4.4,6.6,5.7,true,false,7.5,7.4,5.2,3.3,6.9,8.5,4.9,8.3,2.2,6.0,6.5,HIGH
USR00941,24,FEMALE,WORKING PROFESSIONAL,MARRIED,TWITTER/X,5.1,3,3,true,5-30 MIN,81,4.9,7.3,4.5,3.3,false,true,7.7,3.3,6.8,4.2,6.3,7.0,6.7,4.4,0.8,2.0,6.0,HIGH
USR00942,39,MALE,UNEMPLOYED,SINGLE,TWITTER/X,1.0,3,1,true,WITHIN 5 MIN,66,5.4,5.6,6.3,5.8,false,false,5.0,4.1,6.3,6.1,2.3,6.8,2.4,1.7,1.8,2.1,5.4,SEVERE
USR00943,32,FEMALE,WORKING PROFESSIONAL,MARRIED,INSTAGRAM,3.9,6,3,false,WITHIN 5 MIN,114,3.7,4.8,6.8,4.8,true,true,2.6,0.4,4.5,7.5,5.5,5.6,4.5,0.8,2.5,5.5,5.6,HIGH
USR00944,16,MALE,WORKING PROFESSIONAL,IN A RELATIONSHIP,UNKNOWN,6.2,5,2,false,WITHIN 5 MIN,57,1.4,0.6,8.2,4.1,true,true,6.5,5.2,2.1,4.6,7.2,7.2,4.8,6.3,0.0,2.6,7.1,LOW
USR00947,19,FEMALE,STUDENT,SINGLE,FACEBOOK,4.1,1,4,true,WITHIN 5 MIN,118,4.6,5.4,4.2,5.1,true,false,3.1,7.7,4.1,3.1,10.0,6.0,4.4,7.9,2.0,4.0,7.0,LOW
USR00949,24,UNKNOWN,WORKING PROFESSIONAL,IN A RELATIONSHIP,TIKTOK,5.6,3,5,true,AFTER 30 MIN,40,5.2,3.6,5.3,3.1,true,false,1.6,7.5,6.5,7.2,3.7,9.1,4.5,5.1,2.2,1.7,7.4,LOW
USR00950,44,MALE,WORKING PROFESSIONAL,IN A RELATIONSHIP,TIKTOK,5.7,2,7,false,5-30 MIN,23,2.7,2.8,7.3,1.5,true,false,6.9,7.9,2.4,5.5,3.9,4.5,3.3,3.2,3.0,1.3,7.6,LOW
USR00951,29,MALE,UNEMPLOYED,UNKNOWN,FACEBOOK,5.0,1,5,false,AFTER 30 MIN,27,7.0,7.6,2.8,6.2,false,false,8.0,2.0,5.1,7.9,4.3,7.7,2.5,6.4,4.7,3.5,8.7,LOW
USR00952,17,FEMALE,WORKING PROFESSIONAL,IN A RELATIONSHIP,TIKTOK,6.0,4,4,false,WITHIN 5 MIN,50,6.9,5.5,4.9,5.9,true,true,5.2,1.0,4.8,3.0,7.1,5.0,4.7,2.0,1.0,0.6,4.8,SEVERE
USR00953,24,MALE,UNEMPLOYED,UNKNOWN,YOUTUBE,3.9,5,0,true,AFTER 30 MIN,71,6.3,8.5,10.0,5.3,false,false,3.8,1.2,4.6,5.3,7.0,3.0,6.8,3.7,0.8,3.0,5.2,HIGH
USR00955,37,MALE,UNEMPLOYED,IN A RELATIONSHIP,TIKTOK,1.7,2,4,true,AFTER 30 MIN,122,5.8,9.4,3.0,4.9,true,false,6.3,5.5,6.7,8.1,4.7,8.1,6.1,3.5,5.5,2.4,5.1,HIGH
USR00957,40,FEMALE,STUDENT,MARRIED,SNAPCHAT,3.7,4,2,false,WITHIN 5 MIN,65,3.6,9.6,5.0,3.0,false,true,6.8,6.5,2.6,5.9,2.8,7.1,4.0,2.6,3.4,2.5,4.7,SEVERE
USR00958,16,MALE,WORKING PROFESSIONAL,MARRIED,INSTAGRAM,7.7,3,0,false,WITHIN 5 MIN,52,4.7,0.4,6.8,3.9,false,true,4.0,5.6,2.8,3.5,4.9,9.0,5.2,6.2,5.3,2.5,6.4,MODERATE
USR00959,17,MALE,FREELANCER,SINGLE,INSTAGRAM,1.9,7,6,true,5-30 MIN,88,5.1,5.3,5.8,5.5,false,true,5.1,2.7,5.2,4.7,5.8,4.0,6.0,10.0,0.1,3.8,5.1,HIGH
USR00960,32,UNKNOWN,FREELANCER,IN A RELATIONSHIP,INSTAGRAM,4.9,6,2,true,WITHIN 5 MIN,73,9.3,3.7,8.8,4.6,false,false,8.2,0.7,3.8,7.7,3.1,6.1,0.3,9.0,1.5,4.2,5.2,SEVERE
USR00961,20,MALE,WORKING PROFESSIONAL,IN A RELATIONSHIP,INSTAGRAM,3.7,2,6,true,5-30 MIN,74,5.5,4.9,3.8,3.8,false,false,2.4,5.3,5.2,6.4,4.6,6.6,5.4,5.5,6.1,4.3,8.6,LOW
USR00962,30,MALE,WORKING PROFESSIONAL,IN A RELATIONSHIP,FACEBOOK,4.4,4,3,false,WITHIN 5 MIN,139,7.9,9.3,4.2,3.9,false,false,6.2,4.0,4.6,4.2,6.7,7.4,6.6,7.6,4.5,2.9,6.0,HIGH
USR00964,21,NON-BINARY,STUDENT,IN A RELATIONSHIP,INSTAGRAM,4.2,3,0,false,5-30 MIN,47,7.4,1.1,6.2,3.2,false,false,0.0,5.7,4.6,7.5,9.8,5.4,4.7,6.0,4.8,2.7,9.3,LOW
USR00965,33,MALE,WORKING PROFESSIONAL,UNKNOWN,YOUTUBE,2.3,3,2,false,WITHIN 5 MIN,77,0.1,1.8,5.6,2.2,false,true,5.2,4.4,5.8,5.8,5.3,6.6,5.8,6.8,2.8,1.8,7.8,LOW
USR00966,29,FEMALE,WORKING PROFESSIONAL,IN A RELATIONSHIP,TWITTER/X,4.6,4,3,true,5-30 MIN,53,6.4,5.6,5.6,6.2,false,false,6.4,3.5,6.9,7.5,4.9,4.4,4.9,4.1,2.6,0.4,5.5,MODERATE
USR00967,37,FEMALE,UNEMPLOYED,SINGLE,INSTAGRAM,6.5,3,3,true,AFTER 30 MIN,64,6.2,7.4,6.8,8.9,false,true,2.6,0.8,2.1,8.7,5.7,8.5,6.5,9.0,2.4,3.0,5.6,HIGH
USR00968,39,FEMALE,WORKING PROFESSIONAL,MARRIED,YOUTUBE,4.4,3,4,false,WITHIN 5 MIN,17,3.1,4.8,9.0,3.2,true,false,5.0,6.4,3.8,3.0,5.7,6.6,8.6,5.2,5.9,3.2,7.3,MODERATE
USR00970,37,NON-BINARY,UNKNOWN,IN A RELATIONSHIP,TIKTOK,1.4,1,8,true,AFTER 30 MIN,88,9.4,2.8,7.1,2.5,false,true,4.8,2.3,2.2,4.8,7.3,6.6,5.9,3.4,1.1,3.5,6.2,MODERATE
USR00971,31,FEMALE,STUDENT,IN A RELATIONSHIP,SNAPCHAT,6.4,4,4,false,5-30 MIN,29,7.0,8.6,6.0,5.4,true,false,0.9,2.5,4.2,9.0,5.0,5.0,4.3,3.0,2.9,4.9,7.8,LOW
USR00972,31,MALE,STUDENT,SINGLE,SNAPCHAT,3.3,3,6,false,AFTER 30 MIN,47,3.3,5.7,7.3,2.7,true,true,5.7,4.9,7.7,0.0,5.6,6.4,5.1,7.8,2.4,3.7,7.2,MODERATE
USR00974,32,FEMALE,WORKING PROFESSIONAL,IN A RELATIONSHIP,TIKTOK,5.1,5,5,false,5-30 MIN,45,5.4,6.1,2.9,6.2,false,false,7.5,4.4,6.3,4.9,2.2,6.4,5.0,5.3,2.9,4.6,6.4,MODERATE
USR00975,22,FEMALE,UNEMPLOYED,SINGLE,TWITTER/X,1.2,5,3,true,5-30 MIN,77,2.2,8.8,1.2,7.6,false,false,4.9,2.6,2.1,3.1,5.6,7.4,2.6,8.2,2.4,2.4,7.9,LOW
USR00976,43,MALE,WORKING PROFESSIONAL,IN A RELATIONSHIP,TWITTER/X,5.0,2,2,true,WITHIN 5 MIN,87,2.1,5.8,8.3,4.2,true,true,6.0,10.0,4.6,7.5,4.8,7.9,6.5,5.2,5.6,3.0,5.0,HIGH
USR00977,35,FEMALE,WORKING PROFESSIONAL,SINGLE,FACEBOOK,7.9,3,2,false,WITHIN 5 MIN,91,3.3,0.0,8.5,4.0,true,false,1.6,4.4,7.3,7.2,7.3,4.3,7.8,9.4,5.9,2.9,8.3,LOW
USR00978,43,UNKNOWN,FREELANCER,MARRIED,YOUTUBE,3.2,3,3,false,5-30 MIN,5,1.5,7.2,5.3,1.6,false,true,6.2,6.7,5.9,2.5,7.8,5.7,7.5,6.6,4.5,1.7,7.5,LOW
USR00980,37,MALE,STUDENT,SINGLE,SNAPCHAT,6.8,3,3,true,5-30 MIN,86,1.9,10.0,5.5,5.6,true,false,5.2,4.8,0.3,7.7,7.7,7.1,4.4,5.0,3.0,3.4,6.4,MODERATE
USR00981,19,MALE,FREELANCER,MARRIED,INSTAGRAM,5.8,3,2,true,AFTER 30 MIN,86,4.7,6.5,2.0,5.0,false,false,6.0,3.9,6.4,1.0,3.4,5.7,5.1,5.6,0.6,3.0,5.9,MODERATE
USR00982,29,FEMALE,WORKING PROFESSIONAL,UNKNOWN,INSTAGRAM,6.3,6,4,false,AFTER 30 MIN,5,6.7,7.1,6.5,5.0,true,false,3.4,5.5,4.6,4.8,5.5,4.6,2.2,6.8,2.6,1.7,7.7,LOW
USR00983,16,FEMALE,WORKING PROFESSIONAL,SINGLE,TIKTOK,0.5,5,8,false,WITHIN 5 MIN,42,9.7,6.2,4.9,9.6,true,false,6.2,0.0,4.6,4.7,5.9,4.4,5.7,8.5,2.9,2.9,5.2,SEVERE
USR00984,22,MALE,STUDENT,IN A RELATIONSHIP,TWITTER/X,2.5,1,6,false,5-30 MIN,95,6.6,2.0,4.3,2.3,true,true,4.0,2.4,2.6,5.5,6.1,6.6,4.3,2.5,3.9,3.7,8.5,LOW
USR00986,15,NON-BINARY,WORKING PROFESSIONAL,MARRIED,YOUTUBE,2.6,1,3,false,5-30 MIN,97,9.4,4.8,4.2,6.4,true,false,4.6,5.8,5.7,8.5,6.1,3.0,4.6,6.1,3.3,2.9,7.4,LOW
USR00987,39,FEMALE,STUDENT,IN A RELATIONSHIP,TIKTOK,3.4,3,4,true,5-30 MIN,55,6.0,4.5,5.4,4.2,false,false,4.7,3.5,6.8,3.2,6.3,8.6,7.0,7.7,2.9,2.9,7.0,LOW
USR00989,37,FEMALE,STUDENT,SINGLE,YOUTUBE,4.9,3,4,false,WITHIN 5 MIN,103,3.3,1.7,3.9,6.1,false,true,9.7,5.3,10.0,5.3,7.7,6.8,6.2,4.9,4.1,0.2,7.3,MODERATE
USR00990,25,MALE,STUDENT,SINGLE,YOUTUBE,4.0,7,1,true,5-30 MIN,5,3.8,4.7,4.1,4.6,true,true,2.1,0.2,2.3,5.0,5.6,9.1,7.2,1.3,4.3,3.3,6.5,MODERATE
USR00991,31,FEMALE,WORKING PROFESSIONAL,IN A RELATIONSHIP,SNAPCHAT,0.5,3,3,false,WITHIN 5 MIN,61,7.8,10.0,3.8,2.2,false,false,6.4,2.9,4.0,5.7,6.0,6.9,3.7,4.8,5.0,0.1,7.2,MODERATE
USR00992,24,FEMALE,WORKING PROFESSIONAL,MARRIED,UNKNOWN,5.6,1,4,true,WITHIN 5 MIN,5,8.8,9.6,7.9,8.3,true,true,5.7,2.8,3.3,5.2,7.6,4.2,4.0,7.0,0.0,4.5,2.8,SEVERE
USR00993,15,MALE,WORKING PROFESSIONAL,SINGLE,YOUTUBE,1.8,4,2,true,WITHIN 5 MIN,33,7.1,7.9,2.7,5.8,true,false,4.7,2.8,4.6,8.9,3.6,6.6,5.4,3.4,6.5,4.2,7.1,MODERATE
USR00994,38,FEMALE,STUDENT,MARRIED,YOUTUBE,6.5,8,3,false,WITHIN 5 MIN,16,0.0,7.0,2.0,2.8,false,false,6.2,3.8,4.5,3.2,3.7,8.6,7.7,9.3,2.1,1.1,8.0,LOW
USR00995,34,FEMALE,STUDENT,SINGLE,YOUTUBE,7.1,4,6,true,WITHIN 5 MIN,75,9.5,5.6,5.9,0.0,false,false,5.2,2.9,5.7,10.0,4.1,6.2,6.8,9.5,2.8,0.7,5.0,HIGH
USR00996,26,FEMALE,STUDENT,SINGLE,TIKTOK,4.4,2,1,true,WITHIN 5 MIN,100,5.4,4.7,2.6,3.0,false,false,7.0,2.2,1.3,2.6,4.1,8.0,4.3,3.0,1.8,4.2,6.1,HIGH
USR00997,41,MALE,STUDENT,IN A RELATIONSHIP,YOUTUBE,4.7,3,5,true,WITHIN 5 MIN,117,4.2,5.8,2.1,5.2,false,true,4.0,2.9,4.6,6.7,8.0,6.9,6.7,3.6,5.1,2.7,5.6,HIGH
USR00998,34,FEMALE,STUDENT,IN A RELATIONSHIP,TWITTER/X,8.0,2,4,false,5-30 MIN,71,10.0,4.4,5.0,3.8,false,true,6.8,3.7,2.4,6.0,6.3,6.6,6.7,2.9,2.5,4.8,5.5,HIGH
USR00999,33,MALE,WORKING PROFESSIONAL,IN A RELATIONSHIP,INSTAGRAM,8.2,1,7,true,WITHIN 5 MIN,107,3.3,8.1,7.0,7.2,true,false,5.3,1.6,5.2,3.5,5.5,7.5,0.6,5.3,2.1,1.5,5.1,SEVERE
USR01000,27,FEMALE,WORKING PROFESSIONAL,SINGLE,TWITTER/X,6.5,6,5,true,AFTER 30 MIN,91,5.4,5.5,1.6,7.5,false,true,7.4,10.0,4.4,3.2,4.0,8.0,4.0,5.0,0.9,2.3,5.0,HIGH
USR01001,33,FEMALE,WORKING PROFESSIONAL,IN A RELATIONSHIP,INSTAGRAM,3.3,3,3,false,WITHIN 5 MIN,81,5.1,4.9,6.1,6.3,false,true,6.3,2.8,3.6,5.4,7.0,5.2,2.3,2.3,2.9,1.9,6.5,HIGH
USR01002,40,MALE,WORKING PROFESSIONAL,IN A RELATIONSHIP,FACEBOOK,5.3,1,3,false,5-30 MIN,69,1.3,8.0,6.5,5.8,true,false,3.4,5.7,7.1,3.1,3.6,6.7,4.8,3.9,2.4,1.6,6.3,MODERATE
USR01004,40,FEMALE,UNKNOWN,MARRIED,TIKTOK,7.7,4,5,true,WITHIN 5 MIN,47,6.7,8.9,8.7,5.8,false,false,5.2,3.5,2.5,6.3,1.6,6.7,6.0,5.4,2.3,5.4,3.3,SEVERE
USR01005,27,MALE,WORKING PROFESSIONAL,SINGLE,INSTAGRAM,5.2,1,3,true,5-30 MIN,155,9.0,3.5,5.0,3.3,true,true,2.1,5.1,1.5,10.0,3.3,5.5,3.9,4.7,2.9,2.3,5.5,HIGH
USR01006,28,FEMALE,STUDENT,SINGLE,INSTAGRAM,7.5,2,6,true,WITHIN 5 MIN,26,4.9,6.5,6.7,4.6,true,false,9.1,3.5,7.8,7.2,7.1,5.8,2.4,4.5,3.3,3.1,6.2,SEVERE
USR01007,36,FEMALE,WORKING PROFESSIONAL,SINGLE,INSTAGRAM,0.5,3,2,true,WITHIN 5 MIN,76,2.7,3.7,5.0,5.1,true,true,0.7,5.9,8.4,7.3,7.8,4.1,3.9,3.0,1.3,3.0,8.1,LOW
USR01008,31,NON-BINARY,WORKING PROFESSIONAL,MARRIED,YOUTUBE,3.2,4,1,true,WITHIN 5 MIN,67,5.0,7.9,3.2,5.6,true,false,5.2,10.0,5.6,6.3,3.0,6.9,4.6,5.5,2.5,3.3,4.7,HIGH
USR01009,29,FEMALE,FREELANCER,SINGLE,YOUTUBE,3.3,1,2,false,WITHIN 5 MIN,52,4.4,5.7,4.7,7.6,true,true,2.7,6.4,6.5,3.9,8.1,6.9,8.3,3.2,2.8,3.2,6.2,HIGH
USR01010,42,FEMALE,WORKING PROFESSIONAL,MARRIED,TIKTOK,3.5,5,4,true,WITHIN 5 MIN,67,4.5,6.3,3.5,8.5,true,false,9.1,2.5,4.3,8.0,7.1,7.8,5.6,7.1,2.7,5.4,5.8,HIGH
USR01011,43,FEMALE,STUDENT,MARRIED,SNAPCHAT,1.7,4,5,true,WITHIN 5 MIN,57,2.2,4.7,5.6,2.6,false,false,6.0,4.4,5.8,4.3,6.3,4.4,6.2,4.2,1.6,5.2,7.1,MODERATE
USR01012,33,MALE,WORKING PROFESSIONAL,IN A RELATIONSHIP,INSTAGRAM,5.4,1,7,false,WITHIN 5 MIN,78,6.3,1.9,7.2,7.5,true,true,3.5,0.0,3.6,6.6,3.3,3.7,6.9,5.2,1.8,2.0,5.6,SEVERE
USR01013,30,MALE,STUDENT,IN A RELATIONSHIP,TIKTOK,2.5,1,3,true,AFTER 30 MIN,128,2.6,8.6,7.7,6.4,true,false,3.0,6.4,6.6,6.4,10.0,7.4,6.1,5.4,3.3,2.5,7.4,MODERATE
USR01014,25,MALE,WORKING PROFESSIONAL,IN A RELATIONSHIP,TIKTOK,8.5,3,4,true,WITHIN 5 MIN,62,8.0,4.1,2.6,6.4,true,false,8.3,3.1,0.4,5.0,3.9,7.0,1.9,7.3,0.0,3.1,5.4,HIGH
USR01017,34,FEMALE,UNKNOWN,SINGLE,TIKTOK,2.9,1,6,true,WITHIN 5 MIN,45,2.7,5.5,6.6,7.2,true,false,4.9,3.0,4.2,5.6,5.8,6.1,3.7,1.9,3.4,2.3,4.8,HIGH
USR01018,25,FEMALE,WORKING PROFESSIONAL,MARRIED,INSTAGRAM,5.7,3,3,true,WITHIN 5 MIN,79,4.7,4.4,5.2,4.8,true,true,2.3,4.3,4.4,4.1,4.1,5.1,4.8,7.4,5.2,5.1,6.0,MODERATE
USR01019,30,MALE,STUDENT,MARRIED,TIKTOK,5.2,3,4,true,AFTER 30 MIN,38,3.5,7.6,5.2,5.9,true,true,2.2,3.2,4.0,2.8,4.7,7.2,3.7,5.6,0.9,2.8,6.2,HIGH
USR01020,36,UNKNOWN,FREELANCER,SINGLE,FACEBOOK,2.3,4,1,false,5-30 MIN,26,3.6,5.2,8.4,4.6,true,false,2.5,4.4,5.7,6.1,5.0,3.6,2.2,5.1,2.1,4.3,7.3,LOW
USR01021,27,MALE,WORKING PROFESSIONAL,SINGLE,YOUTUBE,0.5,1,3,false,5-30 MIN,129,7.0,2.7,4.1,5.5,true,false,5.8,5.5,4.7,7.8,5.6,6.7,5.0,10.0,4.7,5.6,9.5,LOW
USR01022,26,NON-BINARY,STUDENT,SINGLE,INSTAGRAM,3.6,2,5,false,WITHIN 5 MIN,27,5.4,6.5,4.0,5.0,false,false,5.7,8.3,5.6,6.1,3.0,6.6,3.4,7.5,3.1,3.0,8.1,LOW
USR01023,40,FEMALE,STUDENT,SINGLE,SNAPCHAT,2.6,3,4,true,AFTER 30 MIN,66,3.3,5.3,7.3,5.8,false,true,0.2,4.5,7.1,7.9,6.7,6.4,2.6,6.7,4.0,4.2,8.2,LOW
USR01024,15,FEMALE,STUDENT,IN A RELATIONSHIP,INSTAGRAM,4.4,4,3,false,AFTER 30 MIN,5,5.0,4.6,4.7,7.2,true,true,10.0,5.8,2.2,7.9,5.4,8.5,1.8,6.3,2.8,7.2,7.6,LOW
USR01027,22,MALE,WORKING PROFESSIONAL,MARRIED,TWITTER/X,1.9,3,4,false,WITHIN 5 MIN,82,7.1,5.6,3.5,4.9,true,true,4.0,4.4,2.6,3.4,6.8,3.3,4.2,3.6,3.7,0.4,6.3,HIGH
USR01029,29,FEMALE,STUDENT,SINGLE,UNKNOWN,3.9,2,4,true,5-30 MIN,88,2.3,6.8,8.5,5.1,true,true,5.3,3.4,2.4,3.5,1.0,4.9,4.0,6.5,0.0,4.3,5.5,HIGH
USR01032,22,NON-BINARY,STUDENT,SINGLE,YOUTUBE,5.8,6,5,false,WITHIN 5 MIN,52,8.1,5.8,4.3,2.1,false,true,6.8,5.7,6.5,4.3,9.0,8.4,6.5,5.2,1.4,1.0,4.8,HIGH
USR01033,29,FEMALE,WORKING PROFESSIONAL,IN A RELATIONSHIP,UNKNOWN,3.8,3,4,false,AFTER 30 MIN,80,4.8,6.4,6.9,7.2,false,true,6.6,3.2,6.1,7.3,4.3,6.2,6.6,3.9,1.2,5.3,5.3,HIGH
USR01034,42,FEMALE,STUDENT,SINGLE,INSTAGRAM,4.0,4,3,false,WITHIN 5 MIN,53,5.2,8.4,0.9,4.4,false,true,4.8,5.9,4.0,1.8,4.1,4.4,0.4,6.3,7.2,0.0,6.9,MODERATE
USR01035,34,FEMALE,STUDENT,IN A RELATIONSHIP,YOUTUBE,2.9,2,5,true,WITHIN 5 MIN,84,7.5,7.3,4.3,4.4,true,false,7.1,9.2,1.7,7.2,6.2,6.6,5.2,4.5,3.3,1.9,7.1,MODERATE
USR01036,32,MALE,WORKING PROFESSIONAL,SINGLE,SNAPCHAT,1.6,3,2,true,WITHIN 5 MIN,74,7.4,4.5,5.9,2.8,false,false,2.5,1.2,4.2,5.6,8.5,7.7,6.7,4.0,1.5,3.9,7.0,LOW
USR01037,31,NON-BINARY,WORKING PROFESSIONAL,MARRIED,INSTAGRAM,4.8,8,2,true,WITHIN 5 MIN,132,9.2,4.7,3.2,2.9,false,false,3.9,6.7,3.3,4.3,8.4,7.2,4.6,4.9,4.2,3.7,6.8,MODERATE
USR01038,17,FEMALE,STUDENT,MARRIED,FACEBOOK,4.4,3,5,true,WITHIN 5 MIN,71,7.5,9.8,4.4,2.7,false,true,6.2,5.2,4.3,8.2,5.8,4.4,3.9,6.3,2.4,0.8,5.6,HIGH
USR01039,37,FEMALE,STUDENT,IN A RELATIONSHIP,YOUTUBE,7.9,2,1,false,AFTER 30 MIN,83,7.3,5.3,6.8,7.9,true,false,5.5,5.1,3.3,5.8,3.1,6.6,8.3,5.4,3.8,0.9,6.9,MODERATE
USR01040,32,FEMALE,STUDENT,MARRIED,FACEBOOK,5.4,3,3,false,WITHIN 5 MIN,18,6.4,8.8,7.4,6.3,true,true,4.2,4.5,4.5,5.7,9.8,6.4,9.9,5.5,3.2,1.6,6.0,HIGH
USR01042,16,MALE,STUDENT,IN A RELATIONSHIP,TIKTOK,8.7,4,4,true,AFTER 30 MIN,88,5.0,7.2,5.3,7.0,false,true,3.3,5.3,5.4,5.7,6.6,5.4,2.8,5.4,3.2,0.2,4.3,SEVERE
USR01043,29,FEMALE,FREELANCER,SINGLE,SNAPCHAT,5.0,4,5,false,5-30 MIN,71,3.5,2.7,7.0,6.3,false,false,1.9,4.5,3.2,5.6,6.7,7.1,4.7,4.5,0.9,0.4,8.1,LOW
USR01044,17,NON-BINARY,STUDENT,IN A RELATIONSHIP,YOUTUBE,2.2,3,3,true,WITHIN 5 MIN,27,8.6,3.3,5.0,5.4,true,true,5.2,8.0,5.6,7.9,2.6,7.6,4.5,3.8,2.6,4.0,5.4,SEVERE
USR01045,33,MALE,STUDENT,IN A RELATIONSHIP,INSTAGRAM,4.0,2,3,false,WITHIN 5 MIN,58,7.1,7.5,6.2,3.6,true,false,1.7,4.5,6.1,5.8,4.2,7.5,2.3,7.9,3.2,1.0,6.4,MODERATE
USR01046,30,MALE,WORKING PROFESSIONAL,MARRIED,FACEBOOK,6.7,5,4,false,WITHIN 5 MIN,117,5.0,3.5,3.7,4.0,true,true,4.1,3.8,6.3,5.6,6.0,4.8,0.0,5.3,4.7,0.8,6.5,MODERATE
USR01047,24,NON-BINARY,FREELANCER,IN A RELATIONSHIP,TIKTOK,4.3,1,2,false,5-30 MIN,21,2.2,1.7,3.9,4.8,true,true,5.5,1.9,1.7,4.3,4.4,6.8,5.4,3.9,4.6,2.9,7.7,LOW
USR01048,38,FEMALE,WORKING PROFESSIONAL,SINGLE,SNAPCHAT,6.9,3,3,true,WITHIN 5 MIN,43,7.4,5.8,5.9,5.1,false,true,6.5,9.1,4.6,5.2,2.2,7.4,10.0,3.1,1.5,4.9,2.7,SEVERE
USR01049,31,MALE,STUDENT,SINGLE,TIKTOK,3.7,4,4,true,AFTER 30 MIN,21,4.9,3.3,5.9,6.8,true,false,8.4,3.8,4.9,5.5,5.5,6.9,5.9,9.6,3.5,3.9,8.0,LOW
USR01050,19,FEMALE,WORKING PROFESSIONAL,IN A RELATIONSHIP,YOUTUBE,4.7,2,3,true,AFTER 30 MIN,81,5.4,4.4,8.0,8.0,true,true,6.3,6.8,3.2,3.0,5.9,7.0,3.1,4.4,4.1,0.9,5.5,HIGH
USR01054,31,FEMALE,STUDENT,MARRIED,INSTAGRAM,5.0,1,4,true,WITHIN 5 MIN,12,4.2,6.6,6.6,1.6,false,false,9.2,5.1,4.5,4.6,5.8,5.7,0.4,0.9,2.9,1.8,5.9,HIGH
USR01055,20,FEMALE,WORKING PROFESSIONAL,IN A RELATIONSHIP,INSTAGRAM,5.8,8,4,false,5-30 MIN,56,5.9,5.5,7.1,4.7,false,true,8.6,6.0,4.5,6.8,5.6,3.0,4.0,5.8,4.5,2.2,5.4,HIGH
USR01056,35,FEMALE,WORKING PROFESSIONAL,IN A RELATIONSHIP,TIKTOK,4.3,5,1,false,5-30 MIN,41,10.0,7.6,6.3,3.3,false,true,3.6,5.3,5.4,0.3,5.6,8.6,6.2,6.6,3.5,0.7,4.6,SEVERE
USR01057,22,MALE,UNEMPLOYED,SINGLE,YOUTUBE,6.7,4,3,true,WITHIN 5 MIN,64,6.0,4.7,3.8,6.7,true,false,3.4,3.0,7.9,5.4,6.3,6.8,1.2,7.5,1.6,2.5,6.1,MODERATE
USR01058,28,MALE,STUDENT,SINGLE,UNKNOWN,3.2,1,3,false,AFTER 30 MIN,34,6.2,1.9,6.0,6.7,false,false,7.0,3.2,1.1,4.6,7.3,6.2,3.1,6.4,5.4,3.5,8.6,LOW
USR01060,41,NON-BINARY,STUDENT,IN A RELATIONSHIP,FACEBOOK,5.0,2,2,true,AFTER 30 MIN,51,7.2,4.3,6.1,9.0,true,false,3.3,4.5,5.1,8.9,4.9,3.0,5.6,5.6,2.5,3.4,8.2,LOW
USR01062,30,FEMALE,WORKING PROFESSIONAL,IN A RELATIONSHIP,INSTAGRAM,1.0,3,4,true,WITHIN 5 MIN,50,4.2,6.5,5.4,3.9,false,true,6.1,6.5,4.0,1.9,8.5,6.6,4.2,1.6,3.6,3.8,4.9,HIGH
USR01063,41,NON-BINARY,FREELANCER,UNKNOWN,TIKTOK,2.5,2,5,true,WITHIN 5 MIN,128,10.0,6.7,4.5,7.6,true,true,4.8,4.4,1.1,6.3,5.2,6.2,3.5,2.4,1.9,2.1,4.3,SEVERE
USR01064,28,MALE,STUDENT,SINGLE,TWITTER/X,5.4,2,5,false,5-30 MIN,66,4.1,4.7,0.0,5.3,true,true,3.2,1.3,8.6,5.9,6.6,6.4,3.4,3.9,1.6,2.4,8.0,LOW
USR01067,26,NON-BINARY,FREELANCER,IN A RELATIONSHIP,FACEBOOK,3.7,7,8,true,WITHIN 5 MIN,84,5.9,5.5,6.7,4.7,false,false,4.0,5.2,4.9,3.8,6.6,9.9,5.0,5.4,5.3,1.8,5.0,SEVERE
USR01068,16,FEMALE,STUDENT,IN A RELATIONSHIP,TIKTOK,2.2,8,2,true,WITHIN 5 MIN,95,7.9,5.8,8.7,5.2,true,false,3.8,4.5,8.7,5.1,6.2,10.0,9.4,6.7,1.6,3.1,4.1,SEVERE
USR01069,20,MALE,STUDENT,MARRIED,INSTAGRAM,3.8,2,4,false,WITHIN 5 MIN,23,7.6,5.5,4.9,3.5,false,true,9.3,4.9,3.8,0.0,5.2,5.7,7.1,4.2,5.6,2.7,4.7,SEVERE
USR01071,39,MALE,WORKING PROFESSIONAL,SINGLE,TIKTOK,4.1,4,2,true,WITHIN 5 MIN,62,5.7,3.4,3.6,9.8,true,true,4.9,3.2,4.6,9.4,7.4,7.8,5.8,3.3,7.0,2.3,5.1,SEVERE
USR01072,41,NON-BINARY,FREELANCER,IN A RELATIONSHIP,INSTAGRAM,2.0,4,2,false,WITHIN 5 MIN,40,4.9,2.3,6.2,3.2,true,true,5.4,10.0,2.6,3.0,5.0,5.4,5.6,5.2,4.4,3.0,5.9,MODERATE
USR01073,35,MALE,WORKING PROFESSIONAL,SINGLE,TIKTOK,4.2,3,3,false,AFTER 30 MIN,17,9.6,2.1,7.1,2.6,true,false,8.3,3.5,3.6,4.2,4.7,5.1,8.0,6.4,6.4,0.2,6.7,MODERATE
USR01074,15,UNKNOWN,STUDENT,SINGLE,FACEBOOK,0.5,4,4,true,AFTER 30 MIN,56,7.1,3.5,5.6,8.9,true,true,5.3,2.6,2.4,5.6,8.0,8.3,6.4,5.5,3.3,2.8,8.5,LOW
USR01076,40,NON-BINARY,WORKING PROFESSIONAL,UNKNOWN,TWITTER/X,4.2,4,4,true,AFTER 30 MIN,35,6.9,1.7,6.5,6.5,true,true,4.1,5.4,5.1,7.8,4.1,6.0,7.0,3.6,3.4,5.3,6.3,MODERATE
USR01077,34,FEMALE,WORKING PROFESSIONAL,SINGLE,YOUTUBE,4.1,5,8,false,5-30 MIN,56,6.0,4.1,4.3,8.2,false,true,5.2,4.5,3.4,5.6,5.5,7.0,5.3,7.0,3.9,5.1,6.9,MODERATE
USR01078,43,MALE,WORKING PROFESSIONAL,SINGLE,TIKTOK,2.7,3,2,false,WITHIN 5 MIN,98,5.6,5.1,5.6,4.7,true,true,9.6,0.0,5.1,8.5,6.3,5.1,8.9,5.6,2.6,4.2,4.9,HIGH
USR01079,33,FEMALE,STUDENT,MARRIED,TWITTER/X,4.4,2,4,true,WITHIN 5 MIN,12,8.1,3.3,5.1,5.4,true,true,5.0,8.8,2.0,5.3,5.3,6.4,4.5,5.0,2.4,1.1,5.9,HIGH
USR01080,31,NON-BINARY,WORKING PROFESSIONAL,IN A RELATIONSHIP,FACEBOOK,4.9,5,6,true,5-30 MIN,90,0.9,0.0,5.0,7.1,false,true,0.2,6.4,5.8,6.6,3.2,7.1,5.5,5.0,5.1,3.0,7.5,LOW
USR01081,16,NON-BINARY,WORKING PROFESSIONAL,IN A RELATIONSHIP,INSTAGRAM,0.7,3,4,true,5-30 MIN,102,0.0,5.4,6.3,10.0,true,false,4.0,5.0,3.4,7.7,4.7,7.4,3.8,5.1,2.1,6.8,8.8,LOW
USR01082,27,MALE,STUDENT,IN A RELATIONSHIP,TIKTOK,6.6,5,6,false,WITHIN 5 MIN,73,7.3,5.4,2.1,6.3,true,true,8.7,4.5,7.1,4.8,5.6,7.9,5.2,3.9,4.6,2.7,4.7,SEVERE
USR01083,25,FEMALE,STUDENT,MARRIED,YOUTUBE,4.1,3,8,false,AFTER 30 MIN,36,2.9,8.7,3.1,3.5,false,true,3.5,4.1,3.6,10.0,6.5,7.0,5.3,7.5,1.6,4.8,8.3,LOW
USR01084,25,UNKNOWN,STUDENT,SINGLE,FACEBOOK,5.5,3,3,true,WITHIN 5 MIN,143,4.0,3.5,6.1,6.9,false,true,4.0,4.1,5.5,8.1,2.5,9.3,3.1,5.6,0.7,3.0,4.9,SEVERE
USR01085,31,MALE,FREELANCER,IN A RELATIONSHIP,INSTAGRAM,7.8,2,2,true,WITHIN 5 MIN,57,3.3,8.2,5.0,5.2,true,true,6.6,5.7,3.3,5.0,2.8,4.8,5.0,4.7,1.8,4.1,4.6,SEVERE
USR01086,23,MALE,WORKING PROFESSIONAL,MARRIED,INSTAGRAM,1.8,4,6,false,5-30 MIN,5,7.8,5.9,4.3,8.2,true,false,6.2,3.1,4.9,8.2,4.4,8.3,2.6,4.8,3.0,5.9,7.0,MODERATE
USR01087,17,MALE,WORKING PROFESSIONAL,SINGLE,FACEBOOK,2.3,1,4,true,WITHIN 5 MIN,47,7.6,5.8,6.2,7.1,true,false,6.0,5.7,5.5,4.6,6.0,6.6,1.4,5.4,0.0,1.7,5.1,HIGH
USR01090,30,FEMALE,WORKING PROFESSIONAL,MARRIED,TIKTOK,2.3,3,3,true,5-30 MIN,39,9.1,10.0,3.2,6.1,true,true,4.6,6.5,2.1,7.1,5.6,8.5,5.1,5.6,2.1,3.9,5.9,HIGH
USR01091,28,FEMALE,WORKING PROFESSIONAL,SINGLE,TIKTOK,2.6,2,4,false,5-30 MIN,80,2.8,5.2,5.0,3.3,false,false,7.9,4.5,5.6,5.6,4.3,7.0,6.5,5.4,4.3,3.6,7.2,LOW
USR01093,21,FEMALE,FREELANCER,IN A RELATIONSHIP,FACEBOOK,3.9,3,3,false,WITHIN 5 MIN,93,2.2,5.3,6.6,8.9,false,true,6.5,6.9,3.1,4.7,8.5,6.6,7.3,3.9,3.5,1.2,5.8,MODERATE
USR01097,23,NON-BINARY,WORKING PROFESSIONAL,IN A RELATIONSHIP,TIKTOK,1.4,3,1,false,5-30 MIN,98,4.5,8.4,6.5,6.8,true,false,4.2,6.9,3.9,9.4,7.4,8.3,3.7,4.0,3.7,1.3,7.2,MODERATE
USR01098,32,FEMALE,WORKING PROFESSIONAL,IN A RELATIONSHIP,SNAPCHAT,5.4,1,5,true,5-30 MIN,28,6.3,4.9,4.1,5.3,false,false,7.5,8.5,7.1,8.2,4.7,7.2,6.6,7.8,2.9,3.4,7.0,MODERATE
USR01099,22,MALE,STUDENT,SINGLE,SNAPCHAT,6.2,2,2,true,WITHIN 5 MIN,95,8.0,4.7,7.1,9.6,true,true,6.8,3.1,3.0,7.7,4.8,5.6,5.6,5.3,2.8,0.0,2.5,SEVERE
USR01100,25,FEMALE,WORKING PROFESSIONAL,SINGLE,TIKTOK,7.0,4,4,false,WITHIN 5 MIN,77,5.4,2.3,3.7,6.8,true,false,3.1,4.9,3.9,5.3,7.9,4.6,8.8,2.5,4.8,0.5,5.6,HIGH
USR01101,24,FEMALE,FREELANCER,MARRIED,INSTAGRAM,4.4,2,4,true,WITHIN 5 MIN,22,7.6,7.7,0.8,9.8,true,true,7.7,2.3,4.6,1.9,5.8,6.6,5.0,7.6,4.6,4.9,4.9,SEVERE
USR01102,42,FEMALE,WORKING PROFESSIONAL,SINGLE,INSTAGRAM,3.6,2,5,true,WITHIN 5 MIN,19,2.1,8.2,3.4,4.1,true,true,5.2,7.1,4.6,7.7,4.8,4.4,4.4,5.8,1.6,3.0,6.9,MODERATE
USR01103,20,FEMALE,STUDENT,SINGLE,TWITTER/X,4.9,6,5,true,AFTER 30 MIN,61,10.0,2.8,0.0,3.3,false,false,5.3,2.2,8.9,4.5,8.8,7.9,5.3,2.9,2.8,2.6,8.9,LOW
USR01106,23,FEMALE,STUDENT,IN A RELATIONSHIP,INSTAGRAM,3.2,5,3,true,5-30 MIN,26,5.6,8.0,6.0,5.3,false,true,5.2,2.9,1.7,7.6,8.1,7.2,7.3,4.6,1.2,5.8,5.1,SEVERE
USR01107,21,MALE,WORKING PROFESSIONAL,MARRIED,SNAPCHAT,4.3,4,6,true,5-30 MIN,46,5.4,5.5,6.8,7.2,false,false,3.9,2.3,3.4,3.9,4.6,5.9,9.0,5.4,3.1,4.5,4.9,SEVERE
USR01108,32,FEMALE,STUDENT,IN A RELATIONSHIP,TIKTOK,3.9,2,1,false,5-30 MIN,85,3.5,7.3,3.3,6.3,false,false,5.7,4.7,5.0,5.2,4.8,7.4,6.0,4.9,2.1,5.0,7.2,MODERATE
USR01109,29,FEMALE,WORKING PROFESSIONAL,MARRIED,FACEBOOK,5.1,2,3,true,5-30 MIN,26,6.4,8.6,5.0,6.6,true,false,3.1,0.1,3.3,9.6,2.8,4.1,3.9,4.5,1.5,1.4,6.2,MODERATE
USR01110,15,MALE,WORKING PROFESSIONAL,IN A RELATIONSHIP,TWITTER/X,3.1,2,1,false,5-30 MIN,86,5.4,4.9,3.7,2.9,true,false,4.2,8.1,2.7,4.1,4.9,9.1,3.9,8.0,4.0,2.3,8.6,LOW
USR01111,38,UNKNOWN,STUDENT,MARRIED,INSTAGRAM,2.3,2,4,true,5-30 MIN,59,1.5,4.4,2.9,8.8,true,true,6.5,1.7,2.0,5.5,3.8,5.7,5.9,1.8,2.5,2.1,5.7,HIGH
USR01112,15,FEMALE,STUDENT,SINGLE,INSTAGRAM,3.5,2,2,false,WITHIN 5 MIN,104,1.7,5.4,3.8,6.3,false,true,7.6,4.2,6.5,6.2,5.6,6.6,5.7,3.7,4.2,5.6,6.2,HIGH
USR01115,42,MALE,FREELANCER,MARRIED,SNAPCHAT,3.6,6,5,true,WITHIN 5 MIN,78,4.7,2.7,5.5,1.3,true,true,7.7,5.0,7.6,6.3,7.1,7.7,3.7,7.6,2.2,1.7,5.7,MODERATE
USR01116,42,FEMALE,WORKING PROFESSIONAL,SINGLE,INSTAGRAM,0.5,1,5,true,AFTER 30 MIN,41,4.9,2.7,5.0,1.8,false,true,5.2,5.9,5.6,3.4,5.2,3.5,9.4,3.8,1.1,5.6,6.9,LOW
USR01117,18,MALE,STUDENT,SINGLE,TIKTOK,9.4,3,4,true,AFTER 30 MIN,56,5.4,3.5,4.1,6.9,true,true,6.0,7.0,1.7,0.4,4.2,7.7,4.1,7.1,7.6,4.8,5.7,SEVERE
USR01118,41,MALE,WORKING PROFESSIONAL,SINGLE,YOUTUBE,7.2,3,1,true,5-30 MIN,75,4.4,8.5,5.0,4.6,true,false,6.0,5.0,1.5,6.8,5.2,6.6,5.9,8.3,3.2,3.0,6.8,MODERATE
USR01120,35,FEMALE,STUDENT,SINGLE,FACEBOOK,5.6,3,5,true,WITHIN 5 MIN,56,4.1,7.3,1.5,4.8,true,false,2.6,5.6,4.8,6.8,5.6,8.8,2.5,2.1,7.0,4.5,7.2,LOW
USR01121,15,MALE,WORKING PROFESSIONAL,IN A RELATIONSHIP,TWITTER/X,4.6,4,7,true,WITHIN 5 MIN,66,3.8,8.8,3.7,3.9,false,true,3.2,6.6,4.9,7.2,7.7,6.5,3.1,4.1,3.8,3.4,6.1,HIGH
USR01122,42,FEMALE,WORKING PROFESSIONAL,SINGLE,UNKNOWN,8.4,1,4,true,WITHIN 5 MIN,126,4.9,2.7,4.3,9.0,false,false,5.2,7.7,4.2,2.6,7.6,4.1,3.9,1.3,3.2,7.0,6.0,HIGH
USR01123,23,FEMALE,WORKING PROFESSIONAL,SINGLE,INSTAGRAM,1.8,7,1,true,WITHIN 5 MIN,80,2.6,3.1,6.5,0.7,true,true,2.6,4.3,2.7,5.2,0.0,5.4,1.8,5.4,0.0,2.8,5.9,MODERATE
USR01125,17,MALE,WORKING PROFESSIONAL,SINGLE,TIKTOK,6.2,5,4,true,WITHIN 5 MIN,60,1.8,2.6,5.1,4.1,true,true,4.7,5.9,3.9,5.2,1.9,7.8,4.1,8.6,0.7,5.8,6.2,HIGH
USR01126,21,FEMALE,UNKNOWN,MARRIED,TWITTER/X,9.8,2,5,false,WITHIN 5 MIN,56,4.6,7.4,6.6,6.7,false,true,3.3,7.8,5.0,7.1,5.0,6.9,5.9,7.6,3.8,3.0,5.7,SEVERE
USR01127,17,MALE,WORKING PROFESSIONAL,SINGLE,TIKTOK,4.4,4,4,false,5-30 MIN,123,1.3,8.3,3.3,3.3,false,true,4.8,1.7,4.7,1.5,5.0,6.3,7.0,10.0,1.7,4.3,7.0,MODERATE
USR01128,31,MALE,STUDENT,SINGLE,YOUTUBE,7.9,2,2,false,5-30 MIN,98,7.0,7.5,5.9,7.2,true,true,5.4,5.8,4.9,1.7,3.6,4.4,3.5,6.0,4.9,5.0,6.3,HIGH
USR01129,32,MALE,STUDENT,SINGLE,TIKTOK,5.5,1,6,true,WITHIN 5 MIN,56,8.2,8.4,7.5,4.4,false,true,0.6,5.1,3.9,9.0,6.7,6.9,8.5,3.4,4.8,2.1,3.7,SEVERE
USR01130,28,MALE,FREELANCER,SINGLE,YOUTUBE,2.4,2,3,false,5-30 MIN,55,5.7,10.0,3.1,4.5,true,true,0.4,5.5,1.8,5.5,7.4,5.7,8.2,3.1,4.9,1.1,6.8,LOW
USR01133,43,MALE,STUDENT,SINGLE,TIKTOK,1.9,4,4,true,5-30 MIN,5,0.8,10.0,5.2,9.2,true,false,3.9,3.8,8.8,3.5,3.7,8.5,3.6,2.8,5.3,2.2,5.7,HIGH
USR01134,19,MALE,UNEMPLOYED,SINGLE,INSTAGRAM,3.9,4,2,false,5-30 MIN,37,7.4,6.5,2.3,3.5,false,true,6.5,3.5,2.7,4.8,9.6,5.4,2.5,7.1,3.9,2.1,6.8,LOW
USR01135,40,MALE,UNEMPLOYED,SINGLE,FACEBOOK,8.3,4,6,true,AFTER 30 MIN,62,6.7,5.0,2.7,3.3,false,true,4.1,4.1,3.7,4.5,5.6,6.8,4.9,5.8,2.7,4.3,7.2,MODERATE
USR01136,30,FEMALE,STUDENT,SINGLE,INSTAGRAM,2.5,5,3,false,5-30 MIN,63,1.5,3.8,2.8,5.6,true,false,3.1,5.8,1.3,5.6,4.5,5.5,5.8,3.4,5.0,3.1,7.7,LOW
USR01137,35,FEMALE,FREELANCER,SINGLE,TIKTOK,5.8,6,7,true,5-30 MIN,31,3.7,3.3,9.4,3.1,false,false,6.0,6.1,1.1,7.6,3.4,6.9,2.2,6.4,3.7,3.6,7.1,LOW
USR01138,32,FEMALE,FREELANCER,IN A RELATIONSHIP,TIKTOK,8.9,4,4,false,WITHIN 5 MIN,65,5.9,4.3,5.6,10.0,false,false,5.2,5.7,1.0,4.9,7.4,7.6,4.4,4.7,4.1,3.6,5.6,HIGH
USR01139,22,MALE,STUDENT,SINGLE,INSTAGRAM,8.0,8,2,false,5-30 MIN,8,5.4,6.8,5.7,4.7,false,false,3.9,6.5,2.2,4.2,4.6,8.7,1.4,4.8,1.1,5.9,7.0,MODERATE
USR01142,38,MALE,STUDENT,IN A RELATIONSHIP,INSTAGRAM,8.6,4,4,true,AFTER 30 MIN,16,1.9,6.0,7.6,3.7,true,true,0.0,1.9,8.7,3.1,7.0,7.8,3.5,5.4,4.8,1.9,6.7,MODERATE
USR01143,29,MALE,WORKING PROFESSIONAL,MARRIED,INSTAGRAM,4.4,6,6,false,AFTER 30 MIN,90,5.4,3.5,6.9,3.9,false,false,9.8,2.8,3.5,6.4,5.3,5.6,6.5,4.4,2.9,1.3,8.0,LOW
USR01144,31,MALE,WORKING PROFESSIONAL,SINGLE,TWITTER/X,4.7,2,5,true,AFTER 30 MIN,51,0.6,6.0,2.6,4.8,false,true,6.6,5.7,5.1,2.1,5.4,4.9,5.0,1.6,0.9,4.4,7.4,LOW
USR01148,22,MALE,UNEMPLOYED,IN A RELATIONSHIP,SNAPCHAT,4.4,5,2,true,5-30 MIN,63,7.0,7.0,4.3,4.7,true,false,2.9,7.1,3.5,5.0,5.6,8.6,5.0,5.4,3.6,5.1,6.3,HIGH
USR01149,33,FEMALE,STUDENT,IN A RELATIONSHIP,INSTAGRAM,0.8,5,3,false,WITHIN 5 MIN,45,4.8,6.3,6.0,4.8,false,false,4.7,4.3,2.0,10.0,7.2,6.6,5.0,3.8,3.6,2.0,8.4,LOW
USR01150,18,MALE,WORKING PROFESSIONAL,IN A RELATIONSHIP,INSTAGRAM,6.6,4,1,true,AFTER 30 MIN,78,8.6,8.2,4.6,2.9,false,true,1.6,3.0,5.6,4.5,2.0,6.0,4.3,4.2,2.9,3.6,4.9,SEVERE
USR01151,31,MALE,STUDENT,SINGLE,INSTAGRAM,5.1,1,4,true,5-30 MIN,97,4.4,4.6,3.8,6.0,true,false,6.3,2.9,6.5,6.2,3.4,5.7,7.3,0.9,5.9,3.7,4.4,SEVERE
USR01152,15,MALE,WORKING PROFESSIONAL,SINGLE,TWITTER/X,3.2,2,3,true,AFTER 30 MIN,61,2.6,3.9,6.8,3.8,true,true,5.7,4.8,4.6,5.5,8.0,7.2,5.0,4.5,4.9,4.6,7.3,LOW
USR01154,44,MALE,FREELANCER,MARRIED,TWITTER/X,4.4,4,1,false,WITHIN 5 MIN,75,1.0,7.8,5.5,8.6,false,true,4.4,4.8,6.5,3.1,5.4,6.6,2.3,7.4,2.7,5.1,5.7,HIGH
USR01155,24,MALE,STUDENT,IN A RELATIONSHIP,INSTAGRAM,5.7,5,3,false,5-30 MIN,124,3.5,7.4,5.2,3.7,false,false,5.7,4.5,3.3,4.0,6.7,7.5,6.7,6.9,3.5,3.3,7.2,MODERATE
USR01156,40,MALE,WORKING PROFESSIONAL,IN A RELATIONSHIP,INSTAGRAM,2.6,1,2,true,AFTER 30 MIN,68,5.3,4.0,4.1,5.9,false,false,3.1,4.5,5.3,7.4,3.9,6.6,2.7,7.9,7.0,4.6,9.3,LOW
USR01157,28,MALE,WORKING PROFESSIONAL,MARRIED,TIKTOK,6.6,4,2,true,5-30 MIN,101,7.9,6.7,1.8,6.4,false,true,5.5,6.1,4.7,3.7,5.8,6.1,2.9,5.8,3.2,3.0,4.2,SEVERE
USR01158,39,MALE,STUDENT,IN A RELATIONSHIP,YOUTUBE,4.2,3,1,true,AFTER 30 MIN,8,4.1,4.5,7.8,5.5,true,true,5.6,4.6,2.8,7.1,7.5,6.9,3.7,5.3,6.5,3.5,6.7,LOW
USR01159,31,MALE,STUDENT,MARRIED,TWITTER/X,2.4,3,1,false,WITHIN 5 MIN,5,7.9,4.0,7.1,6.1,false,true,5.5,5.7,6.8,6.6,8.9,10.0,3.7,5.1,2.5,3.9,7.5,MODERATE
USR01160,24,NON-BINARY,FREELANCER,IN A RELATIONSHIP,YOUTUBE,4.3,7,5,false,AFTER 30 MIN,86,8.5,8.2,3.0,4.3,false,false,4.7,5.0,2.2,7.7,7.2,6.1,1.8,3.7,3.9,1.5,8.1,LOW
USR01162,35,MALE,WORKING PROFESSIONAL,IN A RELATIONSHIP,INSTAGRAM,7.2,3,4,true,WITHIN 5 MIN,17,7.3,4.2,5.0,4.6,true,true,3.6,4.5,3.5,7.4,5.5,5.7,6.0,4.8,1.2,3.5,4.4,SEVERE
USR01163,31,FEMALE,STUDENT,IN A RELATIONSHIP,INSTAGRAM,6.1,1,2,false,WITHIN 5 MIN,37,3.7,9.0,1.3,6.0,true,true,6.4,4.5,0.4,7.1,5.9,7.5,3.8,5.4,2.5,2.8,6.6,HIGH
USR01165,29,FEMALE,FREELANCER,MARRIED,SNAPCHAT,1.9,2,3,false,5-30 MIN,31,6.9,8.2,6.1,5.0,false,true,5.2,2.6,6.0,4.7,5.8,5.8,5.2,4.7,4.3,1.4,5.6,HIGH
USR01166,25,FEMALE,WORKING PROFESSIONAL,IN A RELATIONSHIP,SNAPCHAT,6.3,3,2,false,WITHIN 5 MIN,106,5.7,5.8,3.0,4.8,false,false,5.6,4.5,7.4,6.9,4.3,4.5,5.0,2.3,1.1,3.9,5.1,SEVERE
USR01167,41,MALE,WORKING PROFESSIONAL,IN A RELATIONSHIP,YOUTUBE,5.2,3,4,true,WITHIN 5 MIN,79,8.6,1.3,3.3,1.0,true,true,4.2,4.5,3.4,4.7,3.1,5.1,6.8,4.0,5.3,3.5,5.9,HIGH
USR01168,40,MALE,STUDENT,MARRIED,SNAPCHAT,2.5,3,6,true,WITHIN 5 MIN,5,10.0,6.9,5.4,8.0,false,false,3.4,3.5,4.6,8.9,6.3,8.7,2.4,2.4,2.4,3.0,5.6,HIGH
USR01169,18,FEMALE,WORKING PROFESSIONAL,UNKNOWN,YOUTUBE,3.5,2,1,true,AFTER 30 MIN,32,6.6,6.2,3.9,6.9,true,false,2.5,5.6,4.5,2.0,2.6,5.1,2.1,5.4,1.2,3.5,6.5,MODERATE
USR01170,17,FEMALE,WORKING PROFESSIONAL,SINGLE,TIKTOK,8.2,3,0,true,5-30 MIN,57,1.3,5.5,6.6,8.6,true,false,6.1,5.6,7.0,0.9,8.5,5.8,4.0,4.7,3.2,3.9,5.9,HIGH
USR01171,34,NON-BINARY,WORKING PROFESSIONAL,MARRIED,TWITTER/X,0.5,2,3,true,AFTER 30 MIN,66,4.6,6.0,6.2,6.4,false,true,2.5,5.1,4.4,3.3,5.6,7.4,4.7,4.4,1.2,0.9,6.3,MODERATE
USR01173,28,MALE,STUDENT,IN A RELATIONSHIP,SNAPCHAT,4.4,3,4,true,5-30 MIN,32,4.5,5.6,3.8,6.7,false,true,6.3,4.9,3.2,4.4,6.7,6.5,2.5,1.4,2.4,3.7,5.8,HIGH
USR01174,17,MALE,FREELANCER,SINGLE,YOUTUBE,3.3,4,2,false,5-30 MIN,23,3.9,7.0,4.9,3.6,true,false,3.5,4.3,3.9,4.1,4.3,5.1,6.0,2.6,0.6,4.3,7.8,LOW
USR01175,15,UNKNOWN,STUDENT,IN A RELATIONSHIP,FACEBOOK,4.0,1,6,true,WITHIN 5 MIN,73,7.1,5.0,4.9,4.5,true,false,8.0,5.9,1.9,5.6,10.0,6.3,5.2,2.9,4.8,1.3,6.2,HIGH
USR01176,23,MALE,STUDENT,MARRIED,TWITTER/X,5.4,5,7,true,WITHIN 5 MIN,57,3.5,3.7,3.5,6.6,false,false,6.2,8.7,5.3,0.7,3.4,6.4,9.0,5.7,5.5,0.5,4.7,SEVERE
USR01177,21,FEMALE,STUDENT,MARRIED,YOUTUBE,4.8,5,4,true,5-30 MIN,18,3.9,6.6,7.2,5.9,true,false,4.0,2.1,4.6,9.5,5.5,6.9,4.2,4.2,3.5,1.4,6.6,MODERATE
USR01178,26,MALE,STUDENT,SINGLE,YOUTUBE,4.4,4,4,false,5-30 MIN,17,4.3,5.5,0.4,8.5,false,false,6.6,4.4,3.6,8.1,5.3,6.4,8.5,6.8,2.7,4.0,7.2,LOW
USR01179,37,FEMALE,FREELANCER,MARRIED,INSTAGRAM,7.2,3,5,true,5-30 MIN,36,9.8,2.3,5.8,4.9,true,true,4.5,10.0,2.9,8.0,3.6,4.8,5.5,2.4,1.0,0.6,4.8,SEVERE
USR01180,15,FEMALE,FREELANCER,IN A RELATIONSHIP,TIKTOK,3.2,2,5,true,WITHIN 5 MIN,43,4.3,2.8,4.6,6.3,true,true,4.9,6.0,5.8,10.0,3.6,7.0,4.7,8.5,1.9,1.4,5.9,MODERATE
USR01182,26,UNKNOWN,STUDENT,SINGLE,TIKTOK,5.6,3,6,true,5-30 MIN,109,5.5,8.0,4.0,9.5,true,true,9.5,4.5,4.2,5.4,3.0,7.5,5.6,4.7,1.6,1.8,3.6,SEVERE
USR01183,16,NON-BINARY,STUDENT,IN A RELATIONSHIP,TIKTOK,3.6,2,3,true,5-30 MIN,64,6.8,4.7,2.6,10.0,true,true,8.5,4.8,7.1,8.9,10.0,6.1,4.3,9.3,3.3,1.1,6.8,MODERATE
USR01185,33,FEMALE,WORKING PROFESSIONAL,MARRIED,YOUTUBE,7.8,2,4,true,WITHIN 5 MIN,5,5.4,3.4,5.0,2.1,false,false,6.9,2.8,6.1,7.6,5.0,6.6,7.7,6.6,0.3,0.9,6.6,MODERATE
USR01186,38,MALE,STUDENT,MARRIED,INSTAGRAM,0.5,2,2,false,5-30 MIN,25,4.8,4.3,4.9,5.0,true,false,0.8,5.4,2.8,4.2,7.1,5.6,3.5,2.3,6.6,0.0,7.9,LOW
USR01187,18,UNKNOWN,WORKING PROFESSIONAL,IN A RELATIONSHIP,INSTAGRAM,5.2,3,3,false,AFTER 30 MIN,58,7.1,7.9,3.7,1.9,false,false,5.4,6.4,6.3,6.5,5.9,7.1,4.6,3.7,1.7,1.8,6.3,MODERATE
USR01188,25,FEMALE,STUDENT,IN A RELATIONSHIP,SNAPCHAT,4.4,2,5,true,WITHIN 5 MIN,75,5.8,4.2,6.6,6.3,true,false,6.1,9.8,5.6,9.4,3.5,6.2,7.8,1.7,0.0,1.0,5.0,SEVERE
USR01189,17,NON-BINARY,UNKNOWN,SINGLE,YOUTUBE,2.1,6,3,false,5-30 MIN,5,1.7,5.2,3.8,3.7,true,false,1.2,1.6,4.6,9.4,1.9,5.5,6.4,6.3,0.0,2.7,7.9,LOW
USR01190,41,MALE,WORKING PROFESSIONAL,SINGLE,INSTAGRAM,4.1,1,3,true,WITHIN 5 MIN,5,6.3,2.5,1.2,4.5,true,true,5.5,2.7,4.9,5.6,7.0,7.1,6.3,5.7,2.3,6.7,7.3,MODERATE
USR01191,32,MALE,STUDENT,MARRIED,TIKTOK,5.4,3,4,false,5-30 MIN,69,6.7,5.8,6.4,5.5,true,false,2.3,5.7,4.4,3.7,1.6,6.3,4.1,4.0,1.4,5.2,6.6,HIGH
USR01192,21,MALE,STUDENT,IN A RELATIONSHIP,TIKTOK,6.4,1,4,false,5-30 MIN,57,7.5,4.7,9.9,3.1,false,true,4.2,7.5,2.2,9.6,4.8,7.4,5.5,4.8,1.6,3.4,6.2,HIGH
USR01194,29,NON-BINARY,FREELANCER,IN A RELATIONSHIP,INSTAGRAM,6.0,4,3,true,5-30 MIN,5,7.1,5.5,6.0,7.8,true,true,1.3,2.0,4.6,4.4,4.3,7.1,2.6,6.1,7.0,1.4,5.5,HIGH
USR01195,40,FEMALE,WORKING PROFESSIONAL,IN A RELATIONSHIP,SNAPCHAT,7.8,3,3,false,WITHIN 5 MIN,49,3.2,7.2,10.0,7.0,false,true,4.9,9.9,7.9,9.9,3.9,6.6,6.2,8.5,3.0,3.8,3.6,SEVERE
USR01196,41,FEMALE,FREELANCER,IN A RELATIONSHIP,INSTAGRAM,5.0,5,3,false,WITHIN 5 MIN,69,4.8,5.7,2.0,4.2,true,false,5.9,1.0,2.3,3.9,4.8,8.2,4.3,4.1,2.1,5.1,7.8,LOW
USR01197,36,MALE,STUDENT,IN A RELATIONSHIP,FACEBOOK,6.2,4,5,false,5-30 MIN,78,7.9,5.3,7.3,6.5,true,true,9.3,8.4,5.9,5.6,3.4,5.5,7.4,7.6,2.0,5.4,4.7,SEVERE
USR01200,22,FEMALE,STUDENT,MARRIED,INSTAGRAM,2.5,5,5,true,AFTER 30 MIN,105,2.4,9.4,7.1,6.6,true,false,4.4,1.7,4.5,4.1,4.5,8.3,7.9,2.0,1.1,5.4,5.0,HIGH
USR01201,44,FEMALE,WORKING PROFESSIONAL,IN A RELATIONSHIP,SNAPCHAT,7.3,4,2,false,WITHIN 5 MIN,55,5.9,7.1,7.9,4.6,true,false,4.5,2.6,0.7,5.6,7.4,8.7,0.7,5.7,3.4,4.1,6.5,MODERATE
USR01202,25,FEMALE,FREELANCER,SINGLE,TIKTOK,5.6,4,4,false,WITHIN 5 MIN,5,4.6,8.4,5.0,4.0,true,true,4.4,1.1,3.9,7.0,2.6,7.7,7.1,2.8,8.6,5.3,5.7,MODERATE
USR01203,28,FEMALE,STUDENT,MARRIED,YOUTUBE,8.6,6,7,false,5-30 MIN,69,3.2,5.1,4.7,6.0,true,true,1.1,2.6,8.1,2.9,6.0,5.7,4.7,6.1,1.4,3.0,6.7,MODERATE
USR01204,39,FEMALE,STUDENT,IN A RELATIONSHIP,YOUTUBE,6.4,3,2,true,WITHIN 5 MIN,6,8.4,7.6,9.3,5.3,true,false,9.3,2.4,6.2,6.6,10.0,6.3,4.8,2.7,3.9,3.7,5.3,SEVERE
USR01206,23,MALE,WORKING PROFESSIONAL,MARRIED,INSTAGRAM,7.2,1,1,false,5-30 MIN,81,6.0,6.2,2.1,0.0,true,false,6.7,4.4,6.7,7.1,7.4,7.6,3.8,9.2,1.7,2.3,7.8,LOW
USR01208,39,MALE,STUDENT,SINGLE,FACEBOOK,7.0,4,6,true,AFTER 30 MIN,65,1.2,8.5,5.0,5.9,false,true,4.0,0.0,3.9,1.2,6.3,8.9,6.5,8.4,5.1,3.1,7.2,MODERATE
USR01209,40,MALE,STUDENT,MARRIED,YOUTUBE,4.0,2,3,true,WITHIN 5 MIN,38,4.8,7.8,3.6,0.0,false,true,4.2,3.0,1.3,7.8,2.2,6.5,3.7,9.5,3.7,4.4,7.2,LOW
USR01210,24,FEMALE,STUDENT,SINGLE,INSTAGRAM,3.7,6,7,false,WITHIN 5 MIN,70,4.2,3.7,5.0,4.7,true,true,4.5,5.0,4.2,2.9,5.6,6.6,2.8,0.6,1.3,0.0,5.7,HIGH
USR01211,25,NON-BINARY,WORKING PROFESSIONAL,MARRIED,TWITTER/X,7.6,4,2,true,WITHIN 5 MIN,82,2.2,5.2,4.8,5.4,false,true,1.8,6.2,3.7,8.3,6.9,4.8,2.5,5.1,3.9,1.3,6.2,MODERATE
USR01213,29,MALE,WORKING PROFESSIONAL,SINGLE,TIKTOK,6.6,3,8,false,5-30 MIN,147,6.1,7.3,3.7,4.5,true,false,2.9,3.4,4.3,4.2,4.4,5.8,5.8,4.9,6.2,2.6,7.0,MODERATE
USR01214,40,FEMALE,WORKING PROFESSIONAL,SINGLE,TIKTOK,4.9,3,2,false,WITHIN 5 MIN,84,4.4,2.8,6.7,6.3,true,false,5.3,5.7,4.2,6.5,8.2,4.8,2.7,5.4,0.3,3.6,8.3,LOW
USR01215,18,NON-BINARY,STUDENT,SINGLE,YOUTUBE,3.2,4,3,false,WITHIN 5 MIN,48,4.8,3.7,6.1,6.8,false,true,4.8,5.8,6.3,7.2,6.0,6.3,5.1,6.0,1.7,4.3,6.0,HIGH
USR01216,30,UNKNOWN,WORKING PROFESSIONAL,SINGLE,TIKTOK,3.8,2,3,true,AFTER 30 MIN,46,7.6,6.4,5.5,8.0,true,false,4.2,3.9,5.3,5.1,6.3,5.1,5.3,7.6,1.4,2.4,6.5,HIGH
USR01217,25,MALE,STUDENT,SINGLE,TIKTOK,3.4,1,6,true,5-30 MIN,118,7.8,8.1,2.0,10.0,true,false,0.1,1.5,3.7,7.4,5.6,7.0,6.3,3.2,1.3,2.8,5.0,HIGH
USR01219,25,FEMALE,STUDENT,SINGLE,FACEBOOK,3.2,2,6,true,WITHIN 5 MIN,102,5.3,6.6,4.6,6.4,true,true,6.6,6.1,5.3,7.2,5.8,6.0,6.4,4.2,4.0,3.8,4.5,SEVERE
USR01220,25,MALE,WORKING PROFESSIONAL,SINGLE,YOUTUBE,4.4,3,2,false,WITHIN 5 MIN,95,7.2,6.3,5.0,3.9,false,false,8.1,0.9,3.7,2.0,9.8,4.7,4.7,5.2,2.4,1.1,7.1,MODERATE
USR01221,31,MALE,WORKING PROFESSIONAL,SINGLE,TIKTOK,4.1,3,4,true,WITHIN 5 MIN,37,3.3,7.1,5.6,6.4,false,false,5.4,4.0,6.3,4.9,8.7,6.6,8.3,4.3,1.5,4.6,6.9,MODERATE
USR01222,42,NON-BINARY,WORKING PROFESSIONAL,MARRIED,TWITTER/X,5.5,1,4,false,AFTER 30 MIN,5,4.8,7.8,5.0,6.5,false,false,3.2,5.5,1.9,3.9,3.6,5.9,3.6,8.4,3.6,4.9,9.0,LOW
USR01223,27,FEMALE,WORKING PROFESSIONAL,IN A RELATIONSHIP,TIKTOK,6.9,5,3,true,AFTER 30 MIN,93,5.3,3.1,4.2,1.9,true,true,2.5,3.3,2.5,5.8,7.1,6.1,5.0,7.1,4.8,4.2,7.2,LOW
USR01224,32,FEMALE,WORKING PROFESSIONAL,SINGLE,INSTAGRAM,1.4,3,6,true,WITHIN 5 MIN,68,5.0,10.0,4.3,5.8,false,false,4.1,6.0,6.7,6.8,4.7,5.7,6.0,2.4,0.1,6.4,4.7,SEVERE
USR01225,44,MALE,STUDENT,IN A RELATIONSHIP,YOUTUBE,5.5,6,3,true,WITHIN 5 MIN,52,5.2,6.9,6.7,7.3,false,false,0.8,5.4,1.8,3.5,5.3,8.1,3.0,4.4,0.4,5.0,6.1,MODERATE
USR01227,26,MALE,UNEMPLOYED,IN A RELATIONSHIP,YOUTUBE,4.2,4,3,false,WITHIN 5 MIN,81,0.0,6.1,5.0,5.0,true,true,6.1,5.7,3.5,5.4,9.3,6.7,4.0,2.8,3.3,3.8,7.6,LOW
USR01228,31,MALE,WORKING PROFESSIONAL,IN A RELATIONSHIP,TIKTOK,4.3,1,4,false,5-30 MIN,109,5.4,6.8,5.5,5.7,false,true,5.2,6.8,3.6,7.3,4.6,7.3,8.5,7.3,1.9,2.6,5.1,SEVERE
USR01230,23,UNKNOWN,WORKING PROFESSIONAL,SINGLE,TIKTOK,8.0,3,6,false,5-30 MIN,85,4.2,6.1,4.4,9.3,false,true,4.8,0.3,5.8,6.2,5.7,4.1,4.6,5.6,1.7,3.0,5.8,MODERATE
USR01231,38,NON-BINARY,WORKING PROFESSIONAL,SINGLE,YOUTUBE,4.1,1,7,true,5-30 MIN,46,6.9,5.4,6.2,7.2,false,false,6.6,4.2,3.9,7.4,7.6,6.9,9.2,9.0,4.4,3.0,6.3,MODERATE
USR01232,19,NON-BINARY,STUDENT,IN A RELATIONSHIP,FACEBOOK,4.1,4,1,false,WITHIN 5 MIN,52,7.2,5.2,9.4,4.4,false,false,6.0,6.1,4.6,4.8,10.0,4.6,5.0,7.0,1.0,5.5,7.5,MODERATE
USR01233,35,MALE,WORKING PROFESSIONAL,SINGLE,TIKTOK,7.8,4,8,true,AFTER 30 MIN,30,7.6,4.0,2.6,6.9,true,false,4.3,5.8,6.0,2.4,1.6,6.9,1.7,4.1,3.6,2.1,6.5,HIGH
USR01234,31,MALE,WORKING PROFESSIONAL,SINGLE,YOUTUBE,5.8,4,2,false,WITHIN 5 MIN,9,7.4,4.9,5.0,5.9,false,false,4.8,4.4,5.8,6.0,1.7,7.0,3.9,2.9,0.8,0.5,6.6,MODERATE
USR01236,25,MALE,WORKING PROFESSIONAL,MARRIED,YOUTUBE,3.1,4,6,true,5-30 MIN,37,6.2,3.4,3.5,5.1,true,true,7.3,4.3,4.6,5.6,8.0,6.1,3.6,7.6,1.2,3.7,7.1,LOW
USR01237,27,NON-BINARY,FREELANCER,IN A RELATIONSHIP,INSTAGRAM,7.1,2,3,true,5-30 MIN,112,5.2,2.2,4.4,3.7,false,false,8.6,1.0,1.7,3.9,8.6,4.8,10.0,5.5,4.3,3.0,7.1,LOW
USR01239,34,MALE,STUDENT,SINGLE,INSTAGRAM,0.5,3,7,true,WITHIN 5 MIN,119,6.9,3.7,4.1,3.3,false,false,2.9,7.0,2.5,6.3,6.4,4.8,8.4,7.7,2.9,0.0,6.0,MODERATE
USR01242,21,FEMALE,STUDENT,SINGLE,INSTAGRAM,6.2,2,6,false,AFTER 30 MIN,57,4.8,4.0,4.5,2.0,true,true,5.3,2.8,7.5,6.8,5.9,6.3,3.7,7.1,5.5,2.9,7.8,LOW
USR01244,44,NON-BINARY,STUDENT,SINGLE,TIKTOK,7.4,3,4,true,AFTER 30 MIN,13,4.5,3.6,3.5,4.4,false,false,4.3,5.0,5.7,4.1,4.3,6.3,6.0,5.3,5.9,4.5,8.4,LOW
USR01245,32,FEMALE,STUDENT,MARRIED,TIKTOK,1.6,2,1,true,AFTER 30 MIN,63,9.4,4.4,3.9,5.4,true,true,4.3,4.4,0.7,5.5,4.6,6.0,7.9,6.7,0.2,4.4,5.4,HIGH
USR01246,27,FEMALE,WORKING PROFESSIONAL,MARRIED,TWITTER/X,1.2,2,5,false,AFTER 30 MIN,63,9.7,4.4,9.4,5.8,false,true,5.0,3.8,8.5,6.0,8.7,5.8,3.2,5.8,2.6,3.3,5.7,MODERATE
USR01247,36,NON-BINARY,WORKING PROFESSIONAL,MARRIED,INSTAGRAM,7.9,3,1,false,5-30 MIN,67,7.3,4.9,4.1,7.0,false,false,7.0,5.6,3.4,5.2,2.6,7.0,4.3,7.5,5.7,3.0,6.6,MODERATE
USR01249,31,NON-BINARY,FREELANCER,SINGLE,INSTAGRAM,4.8,1,4,true,5-30 MIN,97,7.1,5.5,2.6,6.3,false,true,6.0,2.3,4.1,7.7,1.1,5.7,6.1,5.4,7.1,3.4,5.6,SEVERE
USR01251,31,FEMALE,STUDENT,SINGLE,TWITTER/X,6.5,3,3,true,AFTER 30 MIN,104,6.8,4.3,5.2,6.8,false,true,6.0,1.9,3.0,6.5,5.8,7.1,4.3,6.9,1.0,0.3,5.6,HIGH
USR01252,18,MALE,UNEMPLOYED,UNKNOWN,TIKTOK,10.0,1,7,false,WITHIN 5 MIN,71,1.2,5.9,6.6,7.1,false,true,9.7,6.1,1.4,2.7,5.4,5.7,5.0,4.9,0.7,7.5,6.6,HIGH
USR01253,19,FEMALE,STUDENT,SINGLE,YOUTUBE,3.8,2,2,false,WITHIN 5 MIN,20,3.7,10.0,7.3,5.0,true,false,8.1,4.9,4.9,7.6,5.4,8.0,3.1,6.3,4.4,0.0,6.6,MODERATE
USR01254,41,FEMALE,STUDENT,SINGLE,TWITTER/X,3.7,3,4,true,WITHIN 5 MIN,94,6.1,4.5,5.0,7.8,false,false,5.2,8.4,3.3,7.7,6.7,8.1,10.0,4.5,3.1,3.5,6.6,MODERATE
USR01255,28,FEMALE,WORKING PROFESSIONAL,SINGLE,INSTAGRAM,2.8,5,5,true,WITHIN 5 MIN,28,7.3,6.1,4.6,8.2,false,false,7.4,3.1,6.7,4.3,0.9,4.1,0.0,7.2,2.0,2.4,5.7,SEVERE
USR01256,32,FEMALE,UNKNOWN,MARRIED,INSTAGRAM,5.6,5,1,false,WITHIN 5 MIN,95,7.9,7.4,4.8,3.7,true,true,2.5,6.5,6.5,5.3,5.9,7.5,1.0,4.8,2.1,3.2,4.9,SEVERE
USR01257,34,FEMALE,STUDENT,SINGLE,YOUTUBE,4.4,1,6,false,AFTER 30 MIN,91,7.5,2.4,7.9,0.1,false,true,7.8,6.2,5.7,9.1,5.2,6.5,4.4,2.1,3.1,0.5,7.7,LOW
USR01258,23,MALE,STUDENT,MARRIED,TIKTOK,1.2,4,7,true,AFTER 30 MIN,82,4.9,6.0,5.8,5.5,false,false,9.2,6.0,5.4,5.4,8.3,6.6,5.8,6.3,2.4,5.6,8.1,LOW
USR01259,36,MALE,STUDENT,SINGLE,INSTAGRAM,3.0,2,5,false,5-30 MIN,54,4.3,2.1,2.9,0.8,false,false,1.0,0.0,6.3,9.6,4.3,7.7,7.3,8.1,1.4,3.1,10.0,LOW
USR01260,19,UNKNOWN,STUDENT,MARRIED,SNAPCHAT,6.7,2,3,true,WITHIN 5 MIN,48,6.9,1.7,0.0,5.9,true,false,5.2,2.0,9.4,6.1,3.5,7.7,6.1,6.4,2.6,4.6,5.7,HIGH
USR01261,33,NON-BINARY,WORKING PROFESSIONAL,SINGLE,INSTAGRAM,2.1,3,8,false,AFTER 30 MIN,10,6.8,4.0,9.3,6.5,true,false,4.8,5.2,2.6,3.4,6.5,5.0,2.8,6.5,4.2,2.1,8.5,LOW
USR01262,16,MALE,STUDENT,MARRIED,FACEBOOK,5.1,2,4,true,WITHIN 5 MIN,31,4.1,4.1,5.1,3.6,false,false,6.7,4.7,8.0,7.8,9.0,5.4,8.1,6.4,2.0,2.1,7.2,LOW
USR01263,18,MALE,WORKING PROFESSIONAL,MARRIED,TWITTER/X,6.8,4,4,true,5-30 MIN,36,5.3,4.5,5.1,0.8,true,false,6.7,4.3,3.4,5.0,5.1,7.0,5.4,4.0,1.1,6.8,6.2,LOW
USR01264,29,MALE,FREELANCER,UNKNOWN,TIKTOK,6.2,3,4,false,WITHIN 5 MIN,27,5.0,4.3,6.6,6.2,false,true,4.3,4.4,5.9,6.9,3.9,6.4,4.0,8.1,1.9,3.7,6.0,HIGH
USR01265,18,MALE,WORKING PROFESSIONAL,SINGLE,INSTAGRAM,0.6,3,5,true,AFTER 30 MIN,56,8.7,5.8,5.8,4.1,false,false,5.5,4.3,4.8,5.1,3.6,5.8,9.9,6.1,4.7,2.1,6.2,HIGH
USR01266,32,NON-BINARY,STUDENT,SINGLE,INSTAGRAM,5.8,4,3,true,WITHIN 5 MIN,46,5.2,4.8,2.5,4.0,false,true,3.5,5.9,4.6,8.6,6.1,7.0,3.9,5.4,4.3,5.5,7.2,MODERATE
USR01268,37,FEMALE,UNEMPLOYED,IN A RELATIONSHIP,SNAPCHAT,0.5,4,5,false,WITHIN 5 MIN,49,5.6,6.8,4.9,1.7,false,true,4.8,0.8,4.4,3.6,4.9,5.1,5.4,5.9,6.2,4.8,6.9,LOW
USR01269,44,FEMALE,STUDENT,SINGLE,YOUTUBE,5.2,7,3,true,5-30 MIN,25,5.4,9.1,5.0,4.4,true,true,5.9,7.1,7.0,4.4,8.4,8.6,2.8,2.4,1.2,1.7,4.4,SEVERE
USR01270,38,MALE,WORKING PROFESSIONAL,IN A RELATIONSHIP,UNKNOWN,0.9,4,1,false,WITHIN 5 MIN,49,3.2,5.5,5.2,5.3,false,false,3.4,6.9,2.8,2.4,0.6,7.2,4.5,7.7,5.6,2.0,8.2,LOW
USR01271,37,FEMALE,STUDENT,MARRIED,TIKTOK,4.0,1,8,false,AFTER 30 MIN,75,7.0,5.5,9.7,5.3,true,false,3.8,2.8,1.3,6.8,6.9,8.8,4.0,5.8,4.2,5.4,6.7,MODERATE
USR01272,22,UNKNOWN,WORKING PROFESSIONAL,SINGLE,TWITTER/X,7.2,2,2,false,AFTER 30 MIN,69,5.8,3.5,5.0,1.9,false,true,8.0,5.6,6.0,8.9,2.5,8.4,3.3,5.6,2.4,3.0,7.5,LOW
USR01273,16,MALE,WORKING PROFESSIONAL,IN A RELATIONSHIP,INSTAGRAM,5.7,3,5,true,5-30 MIN,47,5.7,7.8,5.0,5.0,false,true,5.7,2.1,2.4,6.7,7.5,4.2,9.6,5.1,2.1,2.1,5.2,SEVERE
USR01275,36,MALE,UNEMPLOYED,SINGLE,UNKNOWN,6.6,3,7,false,AFTER 30 MIN,60,5.3,3.6,3.3,8.0,true,false,4.0,5.0,4.6,5.7,2.1,5.8,3.4,4.9,2.6,6.1,8.2,LOW
USR01276,34,MALE,WORKING PROFESSIONAL,IN A RELATIONSHIP,FACEBOOK,4.6,5,4,false,WITHIN 5 MIN,5,2.6,6.0,7.3,6.5,true,true,5.4,2.8,4.5,6.5,5.5,5.0,4.4,4.5,2.9,2.1,5.0,HIGH
USR01277,21,MALE,WORKING PROFESSIONAL,SINGLE,INSTAGRAM,6.3,5,6,true,5-30 MIN,80,4.3,3.0,2.1,6.1,true,true,8.1,5.5,7.5,0.0,6.5,6.2,6.9,3.4,2.6,2.9,4.6,SEVERE
USR01278,19,UNKNOWN,WORKING PROFESSIONAL,IN A RELATIONSHIP,INSTAGRAM,7.0,3,2,true,WITHIN 5 MIN,120,4.0,5.6,3.2,5.7,false,false,5.4,2.7,7.0,3.1,4.2,4.6,7.4,10.0,3.7,6.7,6.0,HIGH
USR01279,40,MALE,FREELANCER,IN A RELATIONSHIP,FACEBOOK,2.3,1,4,true,AFTER 30 MIN,47,5.1,8.8,4.1,6.3,true,false,4.4,3.0,2.2,6.7,5.6,7.6,7.9,4.2,2.9,4.5,7.7,LOW
USR01280,31,NON-BINARY,WORKING PROFESSIONAL,IN A RELATIONSHIP,INSTAGRAM,8.1,2,3,true,WITHIN 5 MIN,100,2.7,2.0,4.7,7.9,true,true,2.3,3.2,2.1,7.7,4.1,10.0,5.2,5.5,2.5,3.0,6.6,MODERATE
USR01281,19,FEMALE,WORKING PROFESSIONAL,SINGLE,YOUTUBE,4.2,1,3,true,5-30 MIN,56,6.5,6.7,5.9,3.4,false,true,1.6,4.8,6.6,4.8,4.9,7.2,6.9,5.4,2.4,1.9,5.8,HIGH
USR01282,26,NON-BINARY,UNEMPLOYED,IN A RELATIONSHIP,SNAPCHAT,4.6,7,3,true,5-30 MIN,67,5.3,6.0,2.4,6.4,true,true,4.7,2.3,5.3,3.9,3.8,6.6,7.6,3.2,3.6,0.5,5.0,SEVERE
USR01283,34,NON-BINARY,STUDENT,SINGLE,YOUTUBE,4.9,6,1,true,WITHIN 5 MIN,18,7.0,5.0,2.5,5.6,true,false,6.1,4.5,5.9,6.9,2.8,7.2,7.4,3.0,1.4,0.0,5.7,HIGH
USR01284,23,MALE,FREELANCER,SINGLE,TIKTOK,3.9,2,3,false,WITHIN 5 MIN,17,2.5,8.7,0.5,6.0,true,true,5.6,4.4,4.0,5.3,9.8,8.3,1.2,5.4,3.5,4.0,8.1,LOW
USR01285,17,MALE,WORKING PROFESSIONAL,SINGLE,TIKTOK,3.5,4,4,true,WITHIN 5 MIN,121,6.0,4.7,3.2,9.2,false,true,5.4,3.1,3.7,5.8,5.3,10.0,5.2,8.7,4.3,1.6,3.7,SEVERE
USR01286,43,NON-BINARY,STUDENT,IN A RELATIONSHIP,FACEBOOK,5.7,2,2,false,WITHIN 5 MIN,94,5.7,1.1,1.5,3.1,true,false,7.9,5.9,2.7,9.2,3.0,5.5,6.0,7.6,4.1,2.1,8.9,LOW
USR01287,30,FEMALE,WORKING PROFESSIONAL,SINGLE,INSTAGRAM,3.1,4,5,false,5-30 MIN,81,5.1,8.8,9.2,3.9,true,false,5.7,4.8,5.6,2.7,5.3,5.7,6.9,5.2,3.3,4.0,5.7,HIGH
USR01288,43,FEMALE,STUDENT,SINGLE,SNAPCHAT,5.5,2,3,true,AFTER 30 MIN,41,6.8,6.3,4.6,7.1,true,true,7.0,4.6,1.2,4.8,6.9,5.1,4.5,8.6,0.8,3.0,6.0,HIGH
USR01289,23,FEMALE,STUDENT,MARRIED,YOUTUBE,6.1,1,6,true,5-30 MIN,11,8.1,5.1,5.5,4.7,false,true,5.7,1.6,6.4,7.0,5.6,7.6,3.8,2.0,1.9,4.6,5.5,HIGH
USR01290,41,MALE,FREELANCER,SINGLE,FACEBOOK,3.2,2,1,false,5-30 MIN,52,5.0,4.5,6.2,4.5,true,true,5.2,9.6,2.9,7.2,5.1,5.4,1.9,7.5,1.5,0.2,7.7,LOW
USR01292,44,MALE,WORKING PROFESSIONAL,IN A RELATIONSHIP,TIKTOK,5.6,4,3,true,5-30 MIN,62,4.5,7.5,6.1,4.5,false,false,4.7,2.4,4.6,0.4,7.5,5.5,5.8,5.4,1.1,5.0,5.7,SEVERE
USR01293,40,UNKNOWN,STUDENT,SINGLE,TWITTER/X,4.4,1,2,true,5-30 MIN,44,6.7,9.6,4.2,8.7,true,true,9.2,6.6,4.5,7.6,0.9,7.2,4.7,4.2,2.9,1.6,4.2,SEVERE
USR01294,43,MALE,STUDENT,IN A RELATIONSHIP,TWITTER/X,5.9,3,7,false,5-30 MIN,23,4.8,5.5,5.3,5.5,true,false,8.8,7.5,6.6,3.3,9.9,10.0,2.7,5.6,2.2,3.0,8.3,LOW
USR01295,17,MALE,UNEMPLOYED,IN A RELATIONSHIP,INSTAGRAM,4.3,3,7,false,AFTER 30 MIN,77,4.2,7.4,6.1,4.3,true,true,8.1,8.4,4.3,4.8,7.7,5.7,3.0,10.0,0.8,3.4,7.9,LOW
USR01296,16,MALE,STUDENT,IN A RELATIONSHIP,TIKTOK,3.7,1,6,false,AFTER 30 MIN,109,4.7,2.1,3.7,7.0,true,false,2.1,3.6,4.0,6.3,4.1,8.6,5.1,2.0,3.0,4.2,8.4,LOW
USR01297,24,FEMALE,WORKING PROFESSIONAL,IN A RELATIONSHIP,FACEBOOK,4.0,6,7,true,WITHIN 5 MIN,55,8.3,3.7,1.5,6.0,false,false,3.3,2.1,4.6,5.6,5.6,5.2,4.6,5.1,3.8,3.0,6.7,MODERATE
USR01298,26,FEMALE,FREELANCER,SINGLE,TWITTER/X,5.2,2,5,true,WITHIN 5 MIN,75,1.0,4.8,8.8,2.4,true,false,4.8,2.5,5.2,3.9,6.6,7.8,4.2,1.5,3.0,2.6,6.5,MODERATE
USR01301,35,MALE,STUDENT,IN A RELATIONSHIP,INSTAGRAM,3.4,2,7,true,WITHIN 5 MIN,77,7.2,5.7,6.8,9.3,false,false,1.5,4.1,7.4,6.7,5.5,4.5,6.4,5.0,0.7,1.4,4.1,SEVERE
USR01302,24,FEMALE,WORKING PROFESSIONAL,IN A RELATIONSHIP,SNAPCHAT,3.6,3,2,false,5-30 MIN,58,5.3,5.0,4.9,5.8,false,true,4.3,10.0,4.6,5.8,6.0,7.8,7.5,3.6,3.0,2.2,6.3,MODERATE
USR01303,37,MALE,STUDENT,SINGLE,TWITTER/X,2.7,3,5,false,5-30 MIN,40,2.7,3.6,7.1,3.5,false,false,6.5,3.7,1.9,5.9,2.9,5.0,4.0,6.9,0.0,5.6,9.5,LOW
USR01305,22,MALE,WORKING PROFESSIONAL,SINGLE,SNAPCHAT,7.0,2,5,false,WITHIN 5 MIN,82,5.9,5.6,3.4,4.8,true,false,8.6,6.9,4.2,4.2,9.0,7.3,2.4,2.1,2.9,2.1,6.2,HIGH
USR01306,39,MALE,STUDENT,SINGLE,INSTAGRAM,4.4,4,5,false,WITHIN 5 MIN,105,7.3,6.9,4.7,4.6,true,false,3.8,7.3,5.6,7.1,6.0,3.8,4.1,4.6,2.3,4.7,6.7,HIGH
USR01308,25,MALE,UNEMPLOYED,SINGLE,INSTAGRAM,1.3,5,4,true,WITHIN 5 MIN,67,4.8,3.2,8.7,5.9,true,false,6.9,4.0,0.7,2.9,9.1,6.2,8.4,5.7,3.3,5.1,6.4,HIGH
USR01309,30,FEMALE,STUDENT,IN A RELATIONSHIP,YOUTUBE,5.4,5,3,true,AFTER 30 MIN,39,2.8,4.6,4.8,8.2,true,false,6.2,3.9,4.6,5.6,4.4,5.5,5.5,7.7,2.5,2.1,6.9,LOW
USR01311,30,MALE,STUDENT,MARRIED,INSTAGRAM,1.9,2,7,false,5-30 MIN,54,2.2,5.5,1.8,5.9,true,true,3.7,5.6,6.0,5.7,5.1,5.7,2.3,6.0,3.9,4.7,8.5,LOW
USR01312,40,FEMALE,WORKING PROFESSIONAL,IN A RELATIONSHIP,SNAPCHAT,4.9,3,6,true,AFTER 30 MIN,72,5.5,8.5,7.3,4.9,false,true,10.0,4.6,7.4,5.8,4.9,7.8,4.2,6.9,2.2,1.1,4.1,SEVERE
USR01313,37,FEMALE,WORKING PROFESSIONAL,SINGLE,INSTAGRAM,5.4,2,3,true,WITHIN 5 MIN,63,10.0,1.3,2.3,5.4,false,true,5.4,2.3,3.2,5.6,6.2,8.2,6.1,3.6,2.9,2.2,4.4,SEVERE
USR01314,19,MALE,STUDENT,SINGLE,YOUTUBE,5.9,4,3,false,WITHIN 5 MIN,10,1.7,7.7,5.5,6.0,true,true,6.0,2.3,8.2,7.6,3.8,6.9,5.0,7.0,7.1,5.0,6.1,HIGH
USR01315,37,FEMALE,UNEMPLOYED,SINGLE,TIKTOK,3.4,5,3,false,WITHIN 5 MIN,41,5.4,3.5,8.8,7.6,true,false,7.0,5.7,5.8,7.0,5.4,6.1,4.5,6.4,0.0,2.7,6.0,HIGH
USR01317,20,FEMALE,WORKING PROFESSIONAL,MARRIED,TIKTOK,4.4,3,3,false,5-30 MIN,73,5.8,6.5,6.7,3.4,false,false,3.6,6.6,6.2,7.6,4.6,5.1,4.4,5.7,2.5,1.8,7.1,LOW
USR01318,38,MALE,STUDENT,SINGLE,TIKTOK,6.3,3,4,true,WITHIN 5 MIN,110,8.4,5.5,6.4,3.8,false,false,7.2,2.7,2.9,3.5,5.6,6.7,7.6,5.8,3.5,1.9,4.6,SEVERE
USR01320,19,NON-BINARY,FREELANCER,IN A RELATIONSHIP,TIKTOK,5.8,2,2,true,5-30 MIN,109,3.6,9.2,3.8,2.3,true,false,5.9,7.1,7.9,3.6,2.0,6.7,5.7,8.8,2.9,1.8,5.2,SEVERE
USR01322,31,FEMALE,FREELANCER,IN A RELATIONSHIP,YOUTUBE,3.9,4,1,true,5-30 MIN,53,3.6,2.2,1.4,6.6,false,true,4.0,5.2,7.2,4.1,8.6,4.2,0.0,5.5,0.0,1.9,7.7,LOW
USR01324,36,FEMALE,WORKING PROFESSIONAL,IN A RELATIONSHIP,SNAPCHAT,6.4,1,4,true,5-30 MIN,10,9.7,7.7,6.0,4.8,true,false,4.9,8.7,4.8,5.8,1.2,6.1,1.3,6.3,4.2,1.6,5.7,HIGH
USR01326,36,FEMALE,UNKNOWN,MARRIED,TIKTOK,5.3,3,4,false,AFTER 30 MIN,63,2.0,5.4,6.1,7.8,false,false,6.2,6.7,10.0,4.2,2.5,8.4,5.0,7.1,2.9,5.3,6.2,MODERATE
USR01327,44,FEMALE,UNEMPLOYED,SINGLE,INSTAGRAM,9.8,1,4,true,5-30 MIN,29,3.4,6.3,4.9,4.9,true,false,5.0,0.7,6.2,5.4,5.7,7.1,2.8,5.2,4.5,3.6,6.5,MODERATE
USR01328,19,NON-BINARY,STUDENT,MARRIED,TWITTER/X,3.1,3,4,true,WITHIN 5 MIN,65,5.2,5.5,4.7,5.8,true,false,6.8,7.5,2.1,5.6,2.6,6.2,4.3,4.1,4.9,1.8,7.6,MODERATE
USR01330,36,NON-BINARY,FREELANCER,SINGLE,INSTAGRAM,2.4,4,3,true,5-30 MIN,47,10.0,7.9,4.5,7.1,true,false,7.0,5.7,6.4,6.8,5.6,6.1,5.3,2.4,0.9,0.0,4.0,SEVERE
USR01333,32,FEMALE,STUDENT,IN A RELATIONSHIP,UNKNOWN,0.5,1,0,false,5-30 MIN,50,4.8,1.6,8.4,5.7,true,false,7.7,4.8,2.7,6.4,4.2,7.0,4.4,5.6,1.4,1.9,7.3,LOW
USR01334,22,NON-BINARY,WORKING PROFESSIONAL,SINGLE,INSTAGRAM,0.5,4,4,false,WITHIN 5 MIN,26,4.8,4.6,6.7,5.2,false,false,4.3,5.2,4.8,2.8,8.3,6.2,6.5,5.3,1.2,5.1,7.3,LOW
USR01335,35,MALE,UNEMPLOYED,MARRIED,INSTAGRAM,4.4,3,4,true,WITHIN 5 MIN,36,6.7,3.3,2.3,3.2,false,false,4.4,1.8,3.5,4.9,4.4,6.5,5.8,8.3,2.2,3.0,6.5,MODERATE
USR01336,35,FEMALE,STUDENT,IN A RELATIONSHIP,TIKTOK,1.4,3,2,true,WITHIN 5 MIN,34,2.6,5.5,6.5,7.4,true,false,6.6,9.3,1.3,5.4,5.6,8.3,2.2,4.6,6.3,6.2,6.5,MODERATE
USR01337,35,FEMALE,WORKING PROFESSIONAL,MARRIED,YOUTUBE,6.0,2,2,false,WITHIN 5 MIN,103,5.4,6.1,0.0,8.3,true,true,8.1,7.0,7.2,3.1,8.1,5.3,6.3,3.7,4.4,3.3,5.0,SEVERE
USR01338,29,MALE,STUDENT,IN A RELATIONSHIP,FACEBOOK,4.4,2,8,true,5-30 MIN,113,4.7,5.9,2.4,5.9,false,false,4.7,4.6,6.7,4.9,5.2,7.5,3.2,2.2,0.0,3.4,6.1,MODERATE
USR01339,29,FEMALE,WORKING PROFESSIONAL,SINGLE,SNAPCHAT,0.5,6,4,false,AFTER 30 MIN,63,3.1,10.0,10.0,2.9,true,false,5.3,4.6,4.6,5.1,4.1,7.3,2.3,2.0,0.0,2.2,7.3,MODERATE
USR01340,17,FEMALE,WORKING PROFESSIONAL,IN A RELATIONSHIP,SNAPCHAT,5.7,3,3,true,WITHIN 5 MIN,49,5.6,10.0,5.0,2.2,false,true,5.6,2.5,2.5,2.6,3.4,5.8,6.7,6.7,4.0,2.1,3.8,SEVERE
USR01341,30,FEMALE,WORKING PROFESSIONAL,SINGLE,INSTAGRAM,4.6,3,6,true,WITHIN 5 MIN,85,9.0,4.8,4.6,3.3,false,true,5.0,5.6,3.8,9.1,6.9,4.3,3.7,6.3,1.9,1.9,5.8,SEVERE
USR01342,23,MALE,STUDENT,IN A RELATIONSHIP,UNKNOWN,3.7,4,3,false,AFTER 30 MIN,139,6.1,8.0,5.9,4.5,false,true,9.0,6.0,4.2,2.5,7.3,7.4,8.1,5.5,4.0,1.4,5.9,HIGH
USR01343,22,NON-BINARY,FREELANCER,IN A RELATIONSHIP,TIKTOK,5.3,2,1,true,5-30 MIN,43,4.6,5.2,3.4,4.0,true,false,7.8,5.2,2.3,6.2,7.3,6.6,4.8,9.5,3.7,3.8,7.0,LOW
USR01344,37,MALE,UNEMPLOYED,SINGLE,TWITTER/X,4.3,5,5,false,WITHIN 5 MIN,64,4.4,6.7,4.2,6.7,true,false,6.6,5.3,2.2,5.6,6.2,8.5,7.3,7.8,2.3,3.1,7.1,MODERATE
USR01345,21,FEMALE,WORKING PROFESSIONAL,SINGLE,SNAPCHAT,5.7,5,2,true,5-30 MIN,41,4.6,9.1,1.5,4.8,true,true,8.4,3.7,3.6,7.0,4.0,4.6,6.2,5.8,2.8,3.0,5.4,HIGH
USR01346,28,MALE,WORKING PROFESSIONAL,SINGLE,FACEBOOK,8.5,4,4,true,WITHIN 5 MIN,16,8.1,2.5,2.3,3.5,true,true,3.5,4.3,6.0,3.5,3.4,6.4,3.5,5.4,4.0,3.9,6.0,HIGH
USR01347,28,FEMALE,FREELANCER,SINGLE,YOUTUBE,5.1,5,3,false,WITHIN 5 MIN,42,10.0,5.4,2.8,4.8,false,false,5.1,4.4,2.1,4.7,4.4,7.3,9.0,3.6,5.8,2.2,6.5,HIGH
USR01348,39,MALE,UNKNOWN,MARRIED,YOUTUBE,1.8,1,5,true,WITHIN 5 MIN,89,2.3,2.1,2.9,5.8,false,true,5.2,2.0,3.1,6.9,8.1,5.7,6.0,4.6,3.4,4.5,7.4,MODERATE
USR01349,29,FEMALE,UNKNOWN,SINGLE,TIKTOK,7.5,3,3,false,WITHIN 5 MIN,53,1.2,10.0,6.5,0.6,true,false,5.2,2.8,4.5,8.0,4.6,6.6,4.9,6.7,2.6,0.1,6.4,MODERATE
USR01350,31,FEMALE,WORKING PROFESSIONAL,SINGLE,INSTAGRAM,6.9,1,3,true,AFTER 30 MIN,36,6.7,5.5,3.9,7.2,false,false,4.9,3.6,3.9,6.9,7.8,8.5,8.1,6.7,3.8,2.8,6.9,MODERATE
USR01351,21,MALE,WORKING PROFESSIONAL,MARRIED,SNAPCHAT,7.6,1,5,true,WITHIN 5 MIN,87,5.4,4.3,5.4,5.6,true,false,5.2,5.8,5.9,8.1,4.3,9.6,1.6,2.6,5.6,4.0,6.0,HIGH
USR01352,43,FEMALE,WORKING PROFESSIONAL,SINGLE,UNKNOWN,5.3,2,3,false,WITHIN 5 MIN,143,6.7,8.0,8.1,7.4,true,false,6.0,10.0,4.6,6.8,6.0,6.3,4.9,6.7,3.9,0.9,5.3,SEVERE
USR01353,33,FEMALE,STUDENT,UNKNOWN,TIKTOK,6.4,1,3,true,AFTER 30 MIN,102,1.6,2.8,7.7,8.4,true,false,5.0,5.8,0.0,7.0,4.6,6.5,3.7,5.4,2.7,2.8,7.9,LOW
USR01354,21,MALE,FREELANCER,UNKNOWN,SNAPCHAT,8.8,2,1,true,WITHIN 5 MIN,93,8.3,3.9,2.8,6.4,true,false,4.4,2.2,4.3,4.1,5.8,9.4,4.3,6.8,0.0,3.0,6.6,HIGH
USR01355,39,MALE,WORKING PROFESSIONAL,IN A RELATIONSHIP,INSTAGRAM,4.3,8,1,true,AFTER 30 MIN,100,3.7,5.8,4.6,3.9,false,true,5.2,2.4,3.5,0.0,3.5,7.5,1.2,7.3,3.6,3.0,6.2,MODERATE
USR01356,19,MALE,STUDENT,MARRIED,YOUTUBE,3.1,3,3,false,WITHIN 5 MIN,34,2.9,6.0,5.0,5.7,false,false,5.2,6.7,5.1,5.6,4.5,7.2,5.1,2.8,3.3,3.0,6.7,MODERATE
USR01357,30,MALE,WORKING PROFESSIONAL,IN A RELATIONSHIP,SNAPCHAT,7.7,4,4,false,WITHIN 5 MIN,46,7.1,5.0,6.1,4.4,true,false,7.4,4.7,5.7,5.6,3.7,7.3,5.5,7.7,0.5,1.9,5.8,HIGH
USR01359,22,MALE,STUDENT,MARRIED,INSTAGRAM,4.4,1,3,false,WITHIN 5 MIN,5,10.0,1.9,4.1,3.4,true,false,3.0,5.9,4.9,4.3,8.8,4.8,3.3,4.7,2.9,3.4,8.6,LOW
USR01360,39,FEMALE,UNEMPLOYED,IN A RELATIONSHIP,INSTAGRAM,3.4,3,8,true,WITHIN 5 MIN,51,8.0,4.2,6.9,9.7,false,true,5.0,7.2,7.2,4.1,2.1,5.3,4.1,5.4,5.5,0.0,4.1,SEVERE
USR01361,25,FEMALE,UNEMPLOYED,SINGLE,INSTAGRAM,3.5,2,4,true,WITHIN 5 MIN,11,4.4,6.3,9.2,7.0,false,true,5.2,5.5,5.5,4.1,6.7,8.9,2.9,2.4,1.8,4.7,4.7,SEVERE
USR01362,18,FEMALE,FREELANCER,MARRIED,SNAPCHAT,5.2,4,4,true,5-30 MIN,93,8.8,5.5,8.9,4.8,true,true,8.2,3.1,6.3,3.9,7.2,7.8,5.2,4.5,1.1,1.4,3.8,SEVERE
USR01363,34,FEMALE,WORKING PROFESSIONAL,SINGLE,TIKTOK,5.2,3,4,true,WITHIN 5 MIN,54,5.7,7.6,6.3,2.5,true,true,4.1,7.7,8.5,7.9,7.7,6.6,3.0,8.4,2.2,0.0,5.3,HIGH
USR01364,26,MALE,WORKING PROFESSIONAL,SINGLE,INSTAGRAM,2.9,2,3,true,WITHIN 5 MIN,126,4.9,3.7,1.5,3.9,true,false,6.0,6.0,6.1,6.4,8.6,5.5,10.0,3.6,0.0,3.2,6.5,HIGH
USR01365,19,FEMALE,STUDENT,SINGLE,INSTAGRAM,8.1,1,2,true,5-30 MIN,88,0.0,7.4,4.2,9.7,true,true,5.2,8.1,5.2,5.6,6.3,5.6,5.5,2.7,1.4,1.6,5.4,HIGH
USR01366,31,MALE,FREELANCER,SINGLE,TWITTER/X,3.6,4,3,true,AFTER 30 MIN,69,3.5,5.3,5.4,3.1,false,false,2.5,2.8,1.7,8.5,5.3,9.2,5.9,6.2,4.9,5.4,9.1,LOW
USR01367,44,NON-BINARY,STUDENT,IN A RELATIONSHIP,TWITTER/X,4.4,4,7,true,AFTER 30 MIN,5,8.2,4.7,3.8,8.1,false,true,7.8,4.5,2.6,2.5,7.3,6.6,7.6,7.7,3.0,2.2,5.8,HIGH
USR01368,17,MALE,WORKING PROFESSIONAL,SINGLE,SNAPCHAT,2.6,1,7,true,5-30 MIN,41,5.3,10.0,4.5,4.6,true,false,0.6,3.7,6.2,6.2,6.4,6.9,1.0,3.7,1.5,4.1,7.6,LOW
USR01369,25,MALE,WORKING PROFESSIONAL,MARRIED,INSTAGRAM,3.2,7,4,true,WITHIN 5 MIN,59,5.3,4.2,6.0,3.2,false,false,5.1,7.4,6.2,5.8,6.4,5.5,3.2,4.7,2.9,2.5,5.6,HIGH
USR01370,23,MALE,UNEMPLOYED,SINGLE,TIKTOK,3.3,5,4,true,AFTER 30 MIN,83,3.1,5.7,5.3,10.0,true,true,7.4,4.5,6.3,5.2,5.8,8.3,4.5,4.5,2.9,2.9,6.2,HIGH
USR01371,28,FEMALE,FREELANCER,MARRIED,INSTAGRAM,4.9,2,4,false,5-30 MIN,134,1.5,4.0,1.2,1.2,false,true,1.2,3.9,7.0,2.9,6.7,9.2,3.6,6.2,2.7,3.6,8.6,LOW
USR01372,23,MALE,WORKING PROFESSIONAL,MARRIED,INSTAGRAM,4.9,1,1,false,AFTER 30 MIN,76,8.9,4.1,7.0,6.5,true,false,1.5,4.5,2.4,6.9,9.1,8.9,3.8,4.1,2.2,4.7,7.9,LOW
USR01374,26,FEMALE,WORKING PROFESSIONAL,MARRIED,INSTAGRAM,4.6,4,5,true,AFTER 30 MIN,51,9.3,5.4,4.6,5.2,true,false,5.2,4.8,5.1,6.1,6.4,7.2,4.5,3.5,4.3,4.0,6.1,MODERATE
USR01375,20,FEMALE,WORKING PROFESSIONAL,SINGLE,SNAPCHAT,6.5,1,4,true,WITHIN 5 MIN,99,2.7,8.2,4.7,4.8,true,false,7.2,3.9,8.6,4.6,2.5,8.4,4.6,8.1,2.6,0.8,5.1,SEVERE
USR01376,21,MALE,STUDENT,SINGLE,TIKTOK,6.5,4,5,false,WITHIN 5 MIN,92,5.8,3.4,3.8,2.2,false,true,6.9,2.0,3.2,7.8,3.9,6.1,3.8,8.8,4.0,2.3,6.6,HIGH
USR01377,23,NON-BINARY,UNKNOWN,SINGLE,TWITTER/X,3.6,1,2,false,WITHIN 5 MIN,70,6.5,8.8,2.7,6.3,false,true,7.3,7.2,6.5,5.9,3.1,7.4,7.1,3.2,2.2,4.2,4.7,SEVERE
USR01378,15,FEMALE,UNKNOWN,IN A RELATIONSHIP,TIKTOK,4.9,6,6,false,WITHIN 5 MIN,36,8.0,3.8,3.6,8.3,false,false,6.9,5.6,5.5,6.6,4.6,7.9,7.6,3.8,3.6,1.7,5.5,HIGH
USR01379,22,MALE,WORKING PROFESSIONAL,SINGLE,INSTAGRAM,4.4,2,3,false,WITHIN 5 MIN,52,5.7,4.9,7.7,7.4,true,false,7.5,4.2,0.4,2.2,5.1,7.1,7.7,8.0,5.4,0.0,5.9,HIGH
USR01380,34,FEMALE,STUDENT,IN A RELATIONSHIP,TIKTOK,6.1,3,4,false,AFTER 30 MIN,64,4.5,6.1,4.7,5.4,false,false,8.2,3.7,1.7,7.2,5.7,5.4,4.2,2.1,1.5,3.3,8.3,LOW
USR01381,22,MALE,STUDENT,IN A RELATIONSHIP,YOUTUBE,5.7,7,2,true,WITHIN 5 MIN,70,9.2,5.3,6.6,6.3,true,true,1.7,4.5,8.9,3.4,3.1,6.6,0.0,5.4,5.3,5.4,4.3,SEVERE
USR01382,39,FEMALE,STUDENT,SINGLE,TWITTER/X,3.8,3,1,false,5-30 MIN,48,3.3,3.9,5.6,2.3,true,true,8.2,4.8,4.4,5.3,4.8,8.9,4.8,7.0,2.2,0.0,7.3,MODERATE
USR01383,26,MALE,WORKING PROFESSIONAL,SINGLE,YOUTUBE,3.8,2,4,true,5-30 MIN,59,4.4,4.3,3.2,3.2,true,true,4.1,6.1,1.2,5.4,6.2,7.9,5.0,9.3,3.3,4.8,7.9,LOW
USR01384,20,NON-BINARY,STUDENT,IN A RELATIONSHIP,YOUTUBE,4.7,7,2,false,5-30 MIN,90,5.4,4.4,6.1,4.8,false,true,7.7,2.8,4.6,5.8,9.6,5.5,4.8,7.6,2.5,3.5,6.6,MODERATE
USR01385,43,MALE,STUDENT,MARRIED,INSTAGRAM,5.6,1,3,true,WITHIN 5 MIN,78,2.6,3.4,3.8,7.3,true,false,7.7,6.1,0.9,4.1,5.6,5.6,5.2,4.2,4.4,4.8,5.5,HIGH
USR01386,36,MALE,WORKING PROFESSIONAL,SINGLE,TIKTOK,2.3,1,3,true,WITHIN 5 MIN,48,6.9,7.4,4.0,7.1,true,false,10.0,5.6,3.7,7.1,4.6,6.6,4.4,7.3,0.0,3.9,5.2,SEVERE
USR01387,31,MALE,STUDENT,MARRIED,TIKTOK,2.4,3,8,false,WITHIN 5 MIN,42,7.3,4.4,5.5,5.1,true,true,3.6,8.5,4.5,4.9,3.9,4.5,4.8,5.4,6.9,6.8,5.9,MODERATE
USR01389,35,UNKNOWN,WORKING PROFESSIONAL,UNKNOWN,SNAPCHAT,4.7,3,3,false,WITHIN 5 MIN,58,6.1,4.6,3.6,6.9,false,true,9.0,8.4,4.2,5.3,7.3,7.6,2.6,8.4,3.8,2.5,6.5,MODERATE
USR01390,42,FEMALE,STUDENT,IN A RELATIONSHIP,INSTAGRAM,3.1,6,5,true,5-30 MIN,19,3.8,7.7,8.7,4.3,false,false,5.4,4.6,4.4,7.4,5.2,8.9,7.6,4.7,4.4,1.3,7.2,MODERATE
USR01391,16,FEMALE,WORKING PROFESSIONAL,SINGLE,TWITTER/X,3.6,4,2,false,AFTER 30 MIN,96,6.0,4.0,5.4,2.6,false,false,8.6,0.3,4.3,5.3,7.0,5.3,9.1,7.6,4.9,2.6,8.5,LOW
USR01394,41,MALE,UNEMPLOYED,MARRIED,INSTAGRAM,4.4,3,6,true,WITHIN 5 MIN,74,9.8,6.1,5.3,5.8,true,true,9.0,4.3,3.0,3.8,7.6,7.3,6.7,3.5,1.6,0.0,4.0,SEVERE
USR01395,39,MALE,WORKING PROFESSIONAL,SINGLE,YOUTUBE,4.5,4,3,true,WITHIN 5 MIN,111,6.2,6.7,2.4,9.7,false,false,1.7,4.8,5.0,2.8,5.6,8.0,4.2,4.3,4.5,2.9,5.4,HIGH
USR01396,34,MALE,STUDENT,SINGLE,TIKTOK,3.1,4,4,true,5-30 MIN,105,4.6,9.5,3.3,3.1,true,true,3.5,4.5,7.5,5.9,4.5,7.2,1.9,6.7,0.4,6.2,5.9,HIGH
USR01397,40,FEMALE,WORKING PROFESSIONAL,MARRIED,SNAPCHAT,4.6,2,6,false,WITHIN 5 MIN,50,0.4,7.5,1.9,2.7,true,false,4.4,2.1,5.3,7.5,6.6,4.3,4.4,5.1,3.5,1.4,8.3,LOW
USR01399,42,UNKNOWN,WORKING PROFESSIONAL,SINGLE,FACEBOOK,0.5,1,3,true,AFTER 30 MIN,17,7.6,6.5,3.0,3.0,true,false,5.4,5.5,6.0,6.3,4.3,8.1,4.9,8.4,0.0,4.7,7.5,LOW
USR01400,35,NON-BINARY,STUDENT,MARRIED,INSTAGRAM,7.0,2,2,false,WITHIN 5 MIN,31,6.6,6.5,0.0,4.4,false,false,4.8,2.0,3.3,5.7,4.7,6.6,5.7,4.5,0.9,1.5,6.0,HIGH
USR01402,38,FEMALE,UNKNOWN,MARRIED,TIKTOK,7.9,2,6,true,5-30 MIN,25,7.5,6.2,4.6,6.2,false,false,2.6,6.7,1.0,6.0,8.7,5.5,3.9,3.1,2.6,3.2,6.3,MODERATE
USR01403,18,MALE,WORKING PROFESSIONAL,UNKNOWN,YOUTUBE,6.2,3,4,true,AFTER 30 MIN,51,5.8,2.5,0.0,7.5,true,true,9.4,1.3,4.7,5.6,5.7,5.7,9.0,3.1,4.6,1.3,6.2,HIGH
USR01404,41,FEMALE,WORKING PROFESSIONAL,IN A RELATIONSHIP,INSTAGRAM,6.5,1,2,false,WITHIN 5 MIN,42,3.5,9.2,0.0,5.2,false,false,4.2,3.2,1.9,6.9,7.5,7.5,6.2,3.8,5.4,2.2,8.1,LOW
USR01405,24,FEMALE,UNEMPLOYED,UNKNOWN,SNAPCHAT,5.7,5,2,false,5-30 MIN,76,8.3,4.9,9.3,5.9,true,false,6.3,4.4,6.4,4.5,5.6,6.0,2.1,5.0,2.8,2.5,5.7,SEVERE
USR01407,21,NON-BINARY,STUDENT,SINGLE,UNKNOWN,1.7,2,3,true,AFTER 30 MIN,75,7.7,4.2,0.5,8.2,false,true,0.0,3.1,2.3,6.2,3.5,8.1,2.9,4.6,5.0,3.5,7.8,LOW
USR01408,44,FEMALE,WORKING PROFESSIONAL,MARRIED,FACEBOOK,4.3,5,2,false,WITHIN 5 MIN,55,7.8,0.0,6.0,5.4,true,false,1.4,0.3,9.6,7.3,8.1,7.4,5.8,5.4,2.6,4.0,7.0,LOW
USR01409,41,FEMALE,WORKING PROFESSIONAL,IN A RELATIONSHIP,TIKTOK,2.5,6,4,true,5-30 MIN,54,6.7,3.5,7.3,0.7,true,false,8.0,3.6,4.9,8.5,6.1,4.9,3.1,6.4,0.8,1.6,7.2,LOW
USR01410,36,UNKNOWN,WORKING PROFESSIONAL,SINGLE,SNAPCHAT,6.4,1,5,true,5-30 MIN,66,6.9,3.4,6.9,5.3,true,true,7.2,0.5,4.0,4.8,2.5,5.2,6.8,7.4,1.8,4.7,4.9,SEVERE
USR01411,24,FEMALE,STUDENT,SINGLE,INSTAGRAM,5.1,4,7,true,WITHIN 5 MIN,63,6.7,6.3,2.6,5.8,true,true,4.0,1.2,1.4,6.4,2.9,6.0,5.0,5.4,4.7,3.9,5.8,HIGH
USR01412,42,FEMALE,WORKING PROFESSIONAL,SINGLE,TWITTER/X,8.1,6,3,true,WITHIN 5 MIN,29,9.8,1.1,5.4,5.2,true,false,3.4,5.6,7.2,6.9,3.3,8.4,6.8,7.1,2.4,6.4,6.0,HIGH
USR01413,17,FEMALE,STUDENT,SINGLE,INSTAGRAM,4.9,3,7,true,WITHIN 5 MIN,5,4.6,7.2,6.8,5.5,false,true,7.8,4.2,3.9,5.2,6.7,8.6,4.9,2.0,3.4,0.0,4.7,SEVERE
USR01414,22,MALE,STUDENT,SINGLE,TIKTOK,4.2,6,3,false,WITHIN 5 MIN,56,7.5,3.3,7.1,6.9,true,true,1.8,4.5,4.6,4.6,4.6,9.6,8.2,4.8,3.3,3.4,3.9,SEVERE
USR01415,38,FEMALE,STUDENT,SINGLE,FACEBOOK,4.2,7,6,false,5-30 MIN,142,4.4,5.4,4.8,10.0,true,true,4.4,3.4,3.7,3.5,4.0,6.7,4.2,7.9,0.5,0.6,5.3,HIGH
USR01417,26,FEMALE,STUDENT,UNKNOWN,TIKTOK,0.5,4,5,false,WITHIN 5 MIN,72,9.0,2.3,7.4,2.7,false,false,4.5,4.4,4.6,6.6,6.8,8.2,1.7,6.5,0.0,3.0,7.4,LOW
USR01419,29,MALE,STUDENT,SINGLE,TWITTER/X,3.6,3,5,true,WITHIN 5 MIN,79,5.8,5.0,5.5,4.5,false,true,6.9,7.4,6.1,7.1,5.9,3.7,1.3,6.9,1.9,2.1,6.2,MODERATE
USR01421,15,FEMALE,STUDENT,SINGLE,INSTAGRAM,2.1,3,6,true,5-30 MIN,107,6.2,5.7,4.6,3.1,true,false,6.0,4.5,3.3,6.8,5.6,8.2,5.0,5.4,0.6,1.7,6.7,MODERATE
USR01423,43,MALE,STUDENT,UNKNOWN,INSTAGRAM,2.3,2,2,false,5-30 MIN,26,4.6,8.8,4.1,6.4,true,true,9.5,5.5,5.2,9.4,6.9,5.8,4.9,6.8,4.9,4.2,6.7,MODERATE
USR01424,27,MALE,WORKING PROFESSIONAL,SINGLE,YOUTUBE,5.1,5,8,true,AFTER 30 MIN,44,4.5,4.5,6.9,3.8,true,false,7.1,4.3,4.2,8.4,4.0,7.4,7.3,5.5,5.5,1.9,7.6,LOW
USR01425,25,UNKNOWN,WORKING PROFESSIONAL,MARRIED,TWITTER/X,4.0,3,5,true,WITHIN 5 MIN,22,5.7,6.7,5.5,9.6,false,true,5.8,2.5,1.0,9.6,8.6,7.3,6.6,4.3,4.2,2.0,6.0,HIGH
USR01426,19,MALE,WORKING PROFESSIONAL,IN A RELATIONSHIP,UNKNOWN,3.8,4,4,true,WITHIN 5 MIN,69,6.6,8.1,4.1,4.6,false,true,1.7,7.3,4.2,10.0,4.9,7.1,8.3,3.7,1.7,3.0,5.4,SEVERE
USR01430,24,NON-BINARY,STUDENT,IN A RELATIONSHIP,TIKTOK,4.2,6,2,true,AFTER 30 MIN,52,10.0,4.7,4.9,9.8,false,true,5.7,4.7,7.7,0.8,6.7,6.7,2.7,2.5,2.7,3.8,3.4,SEVERE
USR01431,18,MALE,WORKING PROFESSIONAL,SINGLE,FACEBOOK,3.3,4,6,true,AFTER 30 MIN,70,7.1,5.7,6.1,1.1,true,false,2.4,2.0,4.0,10.0,7.8,4.0,8.1,2.8,2.5,2.7,7.2,LOW
USR01433,32,MALE,STUDENT,IN A RELATIONSHIP,FACEBOOK,6.2,3,6,false,AFTER 30 MIN,9,1.3,6.3,2.3,9.3,true,false,6.4,5.6,5.2,5.6,6.3,7.1,6.1,5.6,2.8,5.8,8.9,LOW
USR01434,15,NON-BINARY,WORKING PROFESSIONAL,UNKNOWN,YOUTUBE,3.6,3,6,false,5-30 MIN,5,6.8,8.6,1.4,6.0,true,false,4.2,1.7,4.6,5.6,8.3,9.1,7.3,3.6,0.8,3.0,6.6,MODERATE
USR01435,27,MALE,FREELANCER,IN A RELATIONSHIP,YOUTUBE,10.5,3,7,true,5-30 MIN,66,5.9,3.9,7.4,1.8,true,false,3.9,4.0,4.7,3.3,6.4,6.6,1.2,5.4,4.4,0.5,7.7,MODERATE
USR01436,29,FEMALE,WORKING PROFESSIONAL,SINGLE,YOUTUBE,7.2,3,2,false,WITHIN 5 MIN,24,5.6,2.4,2.8,5.0,false,true,2.1,4.6,3.4,8.2,6.9,6.5,3.3,7.7,4.0,3.4,8.2,LOW
USR01437,26,MALE,FREELANCER,SINGLE,TIKTOK,7.8,3,3,false,5-30 MIN,14,2.5,7.5,5.1,1.4,true,false,3.2,5.4,4.1,5.9,8.8,4.3,5.9,4.3,6.0,0.0,8.7,LOW
USR01438,44,MALE,UNKNOWN,SINGLE,INSTAGRAM,5.4,1,2,false,WITHIN 5 MIN,50,2.1,3.8,3.1,4.3,false,false,6.5,5.9,5.4,6.0,5.6,4.7,8.3,5.0,6.0,4.3,7.1,MODERATE
USR01439,18,MALE,STUDENT,SINGLE,INSTAGRAM,5.4,3,4,true,AFTER 30 MIN,22,4.5,5.3,0.6,3.7,true,false,4.9,3.0,4.8,6.8,6.2,6.6,6.9,3.6,1.2,1.5,7.3,LOW
USR01440,33,MALE,UNEMPLOYED,SINGLE,INSTAGRAM,2.4,3,3,false,AFTER 30 MIN,69,5.8,2.3,6.5,5.5,true,true,5.9,4.9,6.7,10.0,3.7,5.1,7.1,6.6,2.6,0.4,7.4,LOW
USR01441,31,MALE,STUDENT,MARRIED,INSTAGRAM,4.0,1,5,true,WITHIN 5 MIN,22,3.9,5.0,1.4,8.0,false,true,3.8,3.7,2.8,6.5,4.7,4.9,2.8,7.0,1.4,5.3,5.7,MODERATE
USR01442,28,FEMALE,STUDENT,IN A RELATIONSHIP,YOUTUBE,4.6,2,5,true,5-30 MIN,43,4.2,7.8,0.0,4.3,true,true,0.0,5.6,3.0,4.8,7.2,7.0,4.3,1.4,0.1,3.0,8.0,LOW
USR01443,36,FEMALE,STUDENT,SINGLE,SNAPCHAT,6.0,2,7,true,WITHIN 5 MIN,129,8.4,4.7,3.5,8.2,true,true,3.6,2.9,6.2,4.4,5.8,6.6,7.8,4.0,2.2,4.4,3.9,SEVERE
USR01444,39,MALE,WORKING PROFESSIONAL,SINGLE,INSTAGRAM,3.4,8,4,true,5-30 MIN,11,6.6,2.1,8.9,4.3,true,true,2.9,7.2,4.6,7.5,2.9,7.3,6.6,7.3,3.7,1.7,7.7,MODERATE
USR01445,34,FEMALE,WORKING PROFESSIONAL,IN A RELATIONSHIP,INSTAGRAM,2.7,2,6,true,AFTER 30 MIN,56,7.8,8.0,3.3,3.9,false,true,4.3,1.4,4.4,4.6,4.3,4.8,8.1,3.1,1.4,3.4,6.4,MODERATE
USR01446,40,MALE,UNKNOWN,SINGLE,TWITTER/X,7.1,1,4,true,WITHIN 5 MIN,80,5.1,2.9,4.8,5.8,true,false,8.5,3.3,1.5,6.4,2.7,8.1,7.3,6.2,4.1,1.9,6.8,MODERATE
USR01447,17,FEMALE,UNEMPLOYED,SINGLE,INSTAGRAM,4.8,1,2,false,WITHIN 5 MIN,27,4.5,4.9,5.0,4.6,true,false,9.2,2.9,0.1,5.0,3.1,6.5,6.2,4.7,2.1,0.0,5.8,MODERATE
USR01448,35,FEMALE,STUDENT,MARRIED,YOUTUBE,6.6,5,2,true,5-30 MIN,61,4.6,6.3,6.7,5.8,true,true,7.7,2.6,6.2,4.5,6.4,9.3,7.9,5.7,3.0,1.1,4.4,SEVERE
USR01449,25,FEMALE,UNEMPLOYED,SINGLE,SNAPCHAT,4.8,6,4,true,WITHIN 5 MIN,5,7.6,6.9,7.6,6.0,true,true,5.4,5.8,5.6,3.1,6.8,8.1,1.2,6.1,3.7,2.4,4.4,SEVERE
USR01451,40,MALE,STUDENT,IN A RELATIONSHIP,YOUTUBE,4.5,1,3,true,WITHIN 5 MIN,76,6.5,5.3,5.8,7.2,true,false,5.2,5.0,8.3,4.4,5.6,8.3,5.0,3.8,3.8,4.4,5.7,HIGH
USR01452,36,MALE,STUDENT,UNKNOWN,FACEBOOK,0.5,5,2,false,AFTER 30 MIN,75,6.8,4.9,8.1,4.6,true,false,1.4,6.1,3.8,4.9,7.4,4.2,2.8,7.2,3.9,2.3,8.6,LOW
USR01455,37,NON-BINARY,STUDENT,IN A RELATIONSHIP,TIKTOK,7.1,2,2,false,WITHIN 5 MIN,51,10.0,7.4,3.1,4.3,true,true,2.4,3.6,4.7,4.7,4.3,3.7,5.8,4.1,3.6,5.3,4.9,SEVERE
USR01456,21,MALE,UNEMPLOYED,SINGLE,SNAPCHAT,4.0,6,6,false,WITHIN 5 MIN,5,1.6,2.9,4.5,2.3,false,false,4.3,5.4,5.0,5.8,5.9,6.6,2.9,5.4,1.3,1.6,8.9,LOW
USR01458,43,MALE,FREELANCER,IN A RELATIONSHIP,YOUTUBE,7.2,6,3,true,AFTER 30 MIN,96,5.6,4.7,4.7,4.0,false,true,5.1,4.4,4.1,5.6,5.8,6.6,6.1,6.6,1.3,1.1,6.3,MODERATE
USR01459,42,NON-BINARY,STUDENT,SINGLE,TIKTOK,0.7,2,2,false,WITHIN 5 MIN,54,4.8,4.2,3.7,0.0,false,true,0.3,3.2,2.7,5.9,4.1,7.6,8.9,1.2,1.2,3.2,7.2,LOW
USR01460,18,MALE,STUDENT,SINGLE,UNKNOWN,0.7,3,7,false,5-30 MIN,98,5.8,5.1,6.4,7.2,true,false,7.2,8.0,4.8,3.9,6.6,5.6,5.2,7.9,2.9,4.0,7.3,LOW
USR01462,24,MALE,WORKING PROFESSIONAL,SINGLE,INSTAGRAM,1.5,4,3,false,WITHIN 5 MIN,67,7.6,5.9,5.5,6.5,false,false,5.2,0.4,7.8,9.5,5.6,3.0,0.8,5.4,4.4,4.6,6.4,MODERATE
USR01463,40,MALE,STUDENT,IN A RELATIONSHIP,YOUTUBE,4.2,6,1,false,WITHIN 5 MIN,48,6.8,9.2,8.7,5.1,true,true,6.3,9.6,0.0,8.8,4.7,7.0,1.2,5.3,1.1,2.5,4.7,SEVERE
USR01464,29,MALE,STUDENT,IN A RELATIONSHIP,FACEBOOK,4.1,3,2,false,WITHIN 5 MIN,9,4.0,3.2,7.5,7.6,true,false,4.2,0.7,3.7,5.6,6.4,3.4,5.4,7.0,3.2,5.3,8.0,LOW
USR01465,28,NON-BINARY,STUDENT,MARRIED,INSTAGRAM,3.8,4,1,false,AFTER 30 MIN,45,9.0,8.0,7.2,3.8,true,false,4.6,1.7,3.4,7.5,3.5,7.0,5.0,6.9,2.3,3.6,7.6,LOW
USR01466,24,UNKNOWN,STUDENT,IN A RELATIONSHIP,FACEBOOK,7.8,6,2,true,5-30 MIN,103,7.5,5.5,8.5,5.7,true,true,6.1,2.8,6.6,2.0,5.7,9.0,1.5,5.0,1.4,4.9,4.4,SEVERE
USR01467,23,MALE,WORKING PROFESSIONAL,IN A RELATIONSHIP,SNAPCHAT,5.8,2,1,false,WITHIN 5 MIN,98,3.7,5.5,1.3,7.1,true,false,6.7,4.1,3.6,6.6,5.6,7.4,2.4,3.9,2.9,3.8,6.8,MODERATE
USR01468,23,FEMALE,WORKING PROFESSIONAL,SINGLE,YOUTUBE,5.9,4,6,true,AFTER 30 MIN,63,6.6,5.2,7.5,6.1,false,true,7.7,6.3,4.6,6.0,5.3,5.0,6.8,7.3,2.7,3.3,5.8,HIGH
USR01469,21,FEMALE,STUDENT,SINGLE,FACEBOOK,5.0,3,3,true,5-30 MIN,5,8.6,2.9,4.3,8.3,true,false,1.7,3.7,5.4,6.4,4.6,5.1,6.1,7.8,4.6,5.2,7.5,LOW
USR01470,35,MALE,STUDENT,SINGLE,INSTAGRAM,11.0,4,7,true,WITHIN 5 MIN,18,5.6,8.1,3.7,2.5,false,false,9.9,2.1,7.2,5.0,7.7,8.8,5.0,5.3,6.7,0.0,4.7,SEVERE
USR01471,22,NON-BINARY,UNEMPLOYED,IN A RELATIONSHIP,INSTAGRAM,7.4,2,2,true,WITHIN 5 MIN,43,6.8,6.0,2.6,3.7,true,true,7.5,4.2,4.1,2.0,6.5,5.0,5.0,7.7,6.3,0.0,4.9,SEVERE
USR01472,35,MALE,STUDENT,IN A RELATIONSHIP,YOUTUBE,3.0,2,3,true,WITHIN 5 MIN,93,9.9,6.7,7.9,7.0,true,true,5.2,2.8,5.2,6.1,5.7,6.4,4.8,6.8,6.7,1.8,5.1,SEVERE
USR01474,31,MALE,STUDENT,SINGLE,FACEBOOK,2.9,1,1,true,WITHIN 5 MIN,34,5.8,7.0,5.8,4.2,true,false,7.1,4.5,7.0,3.5,9.5,5.5,7.5,4.8,2.1,4.2,7.3,MODERATE
USR01475,15,FEMALE,STUDENT,IN A RELATIONSHIP,YOUTUBE,4.1,4,3,false,AFTER 30 MIN,111,2.5,5.2,5.2,5.1,true,false,3.3,4.6,4.4,5.5,5.6,6.8,5.0,4.4,1.9,0.8,8.1,LOW
USR01476,40,NON-BINARY,WORKING PROFESSIONAL,MARRIED,INSTAGRAM,4.3,2,3,false,AFTER 30 MIN,54,8.1,4.6,7.4,7.3,true,true,6.3,8.9,4.6,4.7,7.7,7.8,7.9,4.1,4.0,2.7,5.3,SEVERE
USR01477,18,FEMALE,STUDENT,MARRIED,INSTAGRAM,1.5,1,7,true,AFTER 30 MIN,49,5.8,2.9,3.1,5.0,true,true,1.1,0.0,3.1,9.7,6.5,6.7,3.6,5.3,3.4,1.3,8.2,LOW
USR01478,36,MALE,WORKING PROFESSIONAL,IN A RELATIONSHIP,TIKTOK,0.5,1,5,false,5-30 MIN,17,7.0,5.5,3.9,6.5,true,true,3.3,7.8,3.7,6.0,5.7,6.9,4.1,9.0,3.3,5.9,8.9,LOW
USR01480,38,FEMALE,STUDENT,SINGLE,SNAPCHAT,5.7,2,6,true,WITHIN 5 MIN,28,0.0,9.9,5.5,6.9,false,false,3.8,2.8,6.1,6.5,4.3,5.7,0.8,10.0,0.1,2.1,6.2,MODERATE
USR01482,23,FEMALE,WORKING PROFESSIONAL,IN A RELATIONSHIP,SNAPCHAT,5.8,3,5,true,AFTER 30 MIN,72,6.8,5.2,5.8,1.3,true,false,5.0,2.6,6.2,4.0,6.8,6.6,4.6,5.8,4.8,2.9,7.6,LOW
USR01483,44,MALE,STUDENT,SINGLE,YOUTUBE,0.5,5,3,false,AFTER 30 MIN,14,4.8,5.5,6.4,5.7,false,false,6.4,6.0,6.4,7.4,5.6,5.6,5.3,5.4,1.0,2.8,7.6,LOW
USR01484,28,FEMALE,WORKING PROFESSIONAL,UNKNOWN,TIKTOK,2.8,5,2,true,5-30 MIN,30,6.9,5.8,5.1,4.0,true,true,7.9,3.1,5.3,2.7,5.6,5.6,4.8,5.4,2.9,3.7,5.5,SEVERE
USR01485,30,MALE,UNKNOWN,MARRIED,INSTAGRAM,3.3,3,2,false,WITHIN 5 MIN,40,3.9,6.2,6.8,7.9,true,true,5.0,2.7,3.2,3.8,3.2,5.8,3.1,3.0,2.5,4.6,5.5,HIGH
USR01487,29,FEMALE,WORKING PROFESSIONAL,IN A RELATIONSHIP,INSTAGRAM,4.5,3,6,true,AFTER 30 MIN,60,7.2,6.0,4.7,7.5,true,true,4.4,0.0,4.8,5.6,5.8,4.2,3.7,4.4,3.9,2.0,4.8,SEVERE
USR01488,31,MALE,FREELANCER,MARRIED,TIKTOK,2.1,4,2,false,AFTER 30 MIN,46,1.6,4.4,2.5,4.7,true,true,5.8,9.5,5.8,6.2,4.8,7.6,6.5,0.9,5.9,1.4,8.5,LOW
USR01489,22,FEMALE,STUDENT,SINGLE,FACEBOOK,3.2,5,6,true,AFTER 30 MIN,69,5.8,6.9,1.6,5.3,true,true,6.2,5.8,4.5,7.1,7.2,5.9,6.2,2.9,0.5,0.2,6.2,MODERATE
USR01490,26,FEMALE,STUDENT,MARRIED,SNAPCHAT,5.0,2,5,false,AFTER 30 MIN,56,9.2,4.5,2.8,4.9,true,false,6.3,6.7,6.0,2.5,8.4,5.5,5.0,3.6,5.9,5.3,7.3,LOW
USR01491,31,FEMALE,STUDENT,SINGLE,TWITTER/X,6.9,2,2,true,AFTER 30 MIN,5,6.3,5.3,5.9,6.0,false,true,3.1,4.3,6.0,5.4,2.2,5.6,5.2,6.0,2.2,2.9,5.9,HIGH
USR01492,21,NON-BINARY,STUDENT,SINGLE,INSTAGRAM,5.1,3,3,false,WITHIN 5 MIN,76,1.4,2.8,3.8,5.3,true,false,5.4,7.1,3.2,6.2,4.7,6.5,2.5,8.5,0.5,4.7,9.3,LOW
USR01493,44,MALE,WORKING PROFESSIONAL,SINGLE,INSTAGRAM,4.3,4,3,false,WITHIN 5 MIN,67,3.5,0.9,3.2,2.9,true,true,7.3,5.4,7.3,7.5,7.1,5.6,4.7,7.2,1.7,2.5,6.9,MODERATE
USR01494,16,MALE,STUDENT,SINGLE,YOUTUBE,3.9,3,4,true,AFTER 30 MIN,90,6.2,3.3,8.5,5.0,false,false,5.5,1.6,3.4,7.4,5.8,7.9,5.6,6.8,3.4,3.7,7.4,MODERATE
USR01495,27,FEMALE,STUDENT,IN A RELATIONSHIP,INSTAGRAM,7.9,2,8,true,AFTER 30 MIN,101,1.5,8.8,3.9,7.0,false,true,3.6,4.3,4.9,2.6,8.1,4.9,5.4,10.0,1.5,2.0,6.8,MODERATE
USR01496,40,MALE,WORKING PROFESSIONAL,IN A RELATIONSHIP,TIKTOK,2.7,2,4,false,5-30 MIN,61,8.8,8.6,3.7,6.7,false,false,6.2,5.4,3.3,7.4,8.5,6.7,4.5,7.6,2.3,2.3,6.5,HIGH
USR01497,23,NON-BINARY,STUDENT,MARRIED,YOUTUBE,3.5,3,6,true,WITHIN 5 MIN,75,3.3,6.5,2.9,5.9,true,false,2.7,4.5,4.2,1.9,7.2,6.9,7.2,5.4,2.8,2.0,6.4,MODERATE
USR01498,39,FEMALE,STUDENT,SINGLE,INSTAGRAM,5.3,2,3,true,5-30 MIN,87,3.2,7.7,9.6,7.1,true,true,8.4,2.3,0.4,2.4,5.1,6.6,6.4,7.8,2.6,4.8,4.7,SEVERE
USR01499,26,FEMALE,FREELANCER,SINGLE,TWITTER/X,7.3,4,0,true,WITHIN 5 MIN,90,3.0,7.3,3.1,1.2,true,true,5.8,8.8,7.5,6.6,6.4,4.2,9.1,6.4,3.6,2.1,6.4,HIGH
USR01500,16,FEMALE,WORKING PROFESSIONAL,IN A RELATIONSHIP,TIKTOK,0.7,3,2,false,WITHIN 5 MIN,68,8.4,6.9,8.3,5.4,false,false,2.8,2.0,5.9,8.5,5.3,7.2,3.4,2.3,3.9,3.1,6.1,MODERATE
